fixed.acidity,volatile.acidity,residual.sugar,chlorides,total.sulfur.dioxide,density,sulphates,alcohol,good
7.4,0.7,1.9,0.076,34,0.9978,0.56,9.4,No
7.8,0.88,2.6,0.098,67,0.9968,0.68,9.8,No
7.8,0.76,2.3,0.092,54,0.997,0.65,9.8,No
11.2,0.28,1.9,0.075,60,0.998,0.58,9.8,No
7.4,0.7,1.9,0.076,34,0.9978,0.56,9.4,No
7.4,0.66,1.8,0.075,40,0.9978,0.56,9.4,No
7.9,0.6,1.6,0.069,59,0.9964,0.46,9.4,No
7.3,0.65,1.2,0.065,21,0.9946,0.47,10,Yes
7.8,0.58,2,0.073,18,0.9968,0.57,9.5,Yes
7.5,0.5,6.1,0.071,102,0.9978,0.8,10.5,No
6.7,0.58,1.8,0.097,65,0.9959,0.54,9.2,No
7.5,0.5,6.1,0.071,102,0.9978,0.8,10.5,No
5.6,0.615,1.6,0.089,59,0.9943,0.52,9.9,No
7.8,0.61,1.6,0.114,29,0.9974,1.56,9.1,No
8.9,0.62,3.8,0.176,145,0.9986,0.88,9.2,No
8.9,0.62,3.9,0.17,148,0.9986,0.93,9.2,No
8.5,0.28,1.8,0.092,103,0.9969,0.75,10.5,Yes
8.1,0.56,1.7,0.368,56,0.9968,1.28,9.3,No
7.4,0.59,4.4,0.086,29,0.9974,0.5,9,No
7.9,0.32,1.8,0.341,56,0.9969,1.08,9.2,No
8.9,0.22,1.8,0.077,60,0.9968,0.53,9.4,No
7.6,0.39,2.3,0.082,71,0.9982,0.65,9.7,No
7.9,0.43,1.6,0.106,37,0.9966,0.91,9.5,No
8.5,0.49,2.3,0.084,67,0.9968,0.53,9.4,No
6.9,0.4,2.4,0.085,40,0.9968,0.63,9.7,No
6.3,0.39,1.4,0.08,23,0.9955,0.56,9.3,No
7.6,0.41,1.8,0.08,11,0.9962,0.59,9.5,No
7.9,0.43,1.6,0.106,37,0.9966,0.91,9.5,No
7.1,0.71,1.9,0.08,35,0.9972,0.55,9.4,No
7.8,0.645,2,0.082,16,0.9964,0.59,9.8,No
6.7,0.675,2.4,0.089,82,0.9958,0.54,10.1,No
6.9,0.685,2.5,0.105,37,0.9966,0.57,10.6,No
8.3,0.655,2.3,0.083,113,0.9966,0.66,9.8,No
6.9,0.605,10.7,0.073,83,0.9993,0.52,9.4,No
5.2,0.32,1.8,0.103,50,0.9957,0.55,9.2,No
7.8,0.645,5.5,0.086,18,0.9986,0.55,9.6,No
7.8,0.6,2.4,0.086,15,0.9975,0.6,10.8,No
8.1,0.38,2.1,0.066,30,0.9968,0.73,9.7,Yes
5.7,1.13,1.5,0.172,19,0.994,0.48,9.8,No
7.3,0.45,5.9,0.074,87,0.9978,0.83,10.5,No
7.3,0.45,5.9,0.074,87,0.9978,0.83,10.5,No
8.8,0.61,2.8,0.088,46,0.9976,0.51,9.3,No
7.5,0.49,2.6,0.332,14,0.9968,0.9,10.5,No
8.1,0.66,2.2,0.069,23,0.9968,1.2,10.3,No
6.8,0.67,1.8,0.05,11,0.9962,0.52,9.5,No
4.6,0.52,2.1,0.054,65,0.9934,0.56,13.1,No
7.7,0.935,2.2,0.114,114,0.997,0.73,9.2,No
8.7,0.29,1.6,0.113,37,0.9969,0.58,9.5,No
6.4,0.4,1.6,0.066,12,0.9958,0.56,9.2,No
5.6,0.31,1.4,0.074,96,0.9954,0.58,9.2,No
8.8,0.66,1.7,0.074,23,0.9971,0.74,9.2,No
6.6,0.52,2.2,0.069,15,0.9956,0.63,9.4,No
6.6,0.5,2.1,0.068,14,0.9955,0.64,9.4,No
8.6,0.38,3,0.081,119,0.997,0.56,9.4,No
7.6,0.51,2.8,0.11,73,0.9955,0.63,10.2,No
7.7,0.62,3.8,0.084,45,0.9978,0.53,9.5,No
10.2,0.42,3.4,0.07,10,0.9971,0.63,9.6,No
7.5,0.63,5.1,0.111,110,0.9983,0.77,9.4,No
7.8,0.59,2.3,0.076,54,0.9975,0.59,10,No
7.3,0.39,2.4,0.074,46,0.9962,0.54,9.4,No
8.8,0.4,2.2,0.079,52,0.998,0.64,9.2,No
7.7,0.69,1.8,0.115,112,0.9968,0.71,9.3,No
7.5,0.52,1.9,0.085,35,0.9968,0.62,9.5,Yes
7,0.735,2,0.081,54,0.9966,0.57,9.8,No
7.2,0.725,4.65,0.086,11,0.9962,0.39,10.9,No
7.2,0.725,4.65,0.086,11,0.9962,0.39,10.9,No
7.5,0.52,1.5,0.079,39,0.9968,0.58,9.6,No
6.6,0.705,1.6,0.076,15,0.9962,0.58,10.7,No
9.3,0.32,2,0.074,65,0.9969,0.79,10.7,No
8,0.705,1.9,0.074,19,0.9962,0.95,10.5,No
7.7,0.63,1.9,0.076,27,0.9967,0.54,9.5,No
7.7,0.67,2.1,0.088,96,0.9962,0.48,9.5,No
7.7,0.69,1.9,0.084,94,0.9961,0.48,9.5,No
8.3,0.675,2.1,0.084,43,0.9976,0.53,9.2,No
9.7,0.32,2.5,0.094,83,0.9984,0.82,9.6,No
8.8,0.41,2.2,0.093,42,0.9986,0.66,10.5,No
8.8,0.41,2.2,0.093,42,0.9986,0.66,10.5,No
6.8,0.785,2.4,0.104,30,0.9966,0.55,10.7,No
6.7,0.75,2,0.086,80,0.9958,0.52,10.1,No
8.3,0.625,1.5,0.08,119,0.9972,1.12,9.1,No
6.2,0.45,1.6,0.069,15,0.9958,0.56,9.2,No
7.8,0.43,1.9,0.464,67,0.9974,1.28,9.4,No
7.4,0.5,2,0.086,73,0.997,0.57,9.1,No
7.3,0.67,1.8,0.401,51,0.9969,1.14,9.4,No
6.3,0.3,1.8,0.069,61,0.9959,0.78,10.3,No
6.9,0.55,2.2,0.076,40,0.9961,0.59,10.1,No
8.6,0.49,1.9,0.11,136,0.9972,1.95,9.9,No
7.7,0.49,1.9,0.062,31,0.9966,0.64,9.6,No
9.3,0.39,2.1,0.107,125,0.9978,1.22,9.5,No
7,0.62,1.8,0.076,24,0.9978,0.53,9,No
7.9,0.52,1.9,0.079,140,0.9964,0.54,9.5,No
8.6,0.49,1.9,0.11,136,0.9972,1.95,9.9,No
8.6,0.49,2,0.11,133,0.9972,1.98,9.8,No
7.7,0.49,1.9,0.062,31,0.9966,0.64,9.6,No
5,1.02,1.4,0.045,85,0.9938,0.48,10.5,No
4.7,0.6,2.3,0.058,106,0.9932,0.6,12.9,No
6.8,0.775,3,0.102,23,0.9965,0.56,10.7,No
7,0.5,2,0.07,22,0.9963,0.63,9.2,No
7.6,0.9,2.5,0.079,10,0.9967,0.56,9.8,No
8.1,0.545,1.9,0.08,35,0.9972,0.59,9,No
8.3,0.61,2.1,0.084,50,0.9972,0.61,10.2,No
7.8,0.5,1.9,0.075,22,0.9959,0.56,10.4,No
8.1,0.545,1.9,0.08,35,0.9972,0.59,9,No
8.1,0.575,2.1,0.077,65,0.9967,0.51,9.2,No
7.2,0.49,2.2,0.07,36,0.996,0.48,9.4,No
8.1,0.575,2.1,0.077,65,0.9967,0.51,9.2,No
7.8,0.41,1.7,0.467,69,0.9973,1.31,9.3,No
6.2,0.63,1.7,0.088,64,0.9969,0.79,9.3,No
8,0.33,2.5,0.091,80,0.9976,0.8,9.6,No
8.1,0.785,2,0.122,153,0.9969,0.69,9.3,No
7.8,0.56,1.8,0.104,47,0.9964,0.93,9.5,No
8.4,0.62,2.2,0.084,108,0.9964,0.66,9.8,No
8.4,0.6,2.2,0.085,111,0.9964,0.66,9.8,No
10.1,0.31,2.3,0.08,46,0.9988,0.67,9.7,No
7.8,0.56,1.8,0.104,47,0.9964,0.93,9.5,No
9.4,0.4,2.2,0.09,62,0.9966,0.63,10.5,No
8.3,0.54,1.9,0.077,40,0.9978,0.61,10,No
7.8,0.56,2,0.082,28,0.997,0.5,9.4,No
8.8,0.55,2.2,0.119,56,0.9962,0.6,10.9,No
7,0.69,1.8,0.097,89,0.9959,0.54,9.2,No
7.3,1.07,1.7,0.178,89,0.9962,0.57,9,No
8.8,0.55,2.2,0.119,56,0.9962,0.6,10.9,No
7.3,0.695,2.5,0.075,13,0.998,0.52,9.2,No
8,0.71,2.6,0.08,34,0.9976,0.53,9.5,No
7.8,0.5,1.6,0.082,102,0.996,0.48,9.5,No
9,0.62,1.9,0.146,90,0.9984,0.7,9.4,No
8.2,1.33,1.7,0.081,12,0.9964,0.49,10.9,No
8.1,1.33,1.8,0.082,12,0.9964,0.48,10.9,No
8,0.59,1.8,0.065,16,0.9962,0.92,10.5,Yes
6.1,0.38,1.8,0.072,19,0.9955,0.57,9.4,No
8,0.745,2,0.118,134,0.9968,0.66,9.4,No
5.6,0.5,2.3,0.049,99,0.9937,0.63,13,No
5.6,0.5,2.3,0.049,99,0.9937,0.63,13,No
6.6,0.5,1.5,0.06,26,0.9952,0.58,9.8,No
7.9,1.04,2.2,0.084,29,0.9959,0.55,9.9,No
8.4,0.745,1.9,0.09,63,0.9965,0.82,9.6,No
8.3,0.715,1.8,0.089,52,0.9968,0.77,9.5,No
7.2,0.415,2,0.081,45,0.9972,0.64,9.2,No
7.8,0.56,2.1,0.081,105,0.9962,0.54,9.5,No
7.8,0.56,2,0.081,108,0.9962,0.54,9.5,No
8.4,0.745,1.9,0.09,63,0.9965,0.82,9.6,No
8.3,0.715,1.8,0.089,52,0.9968,0.77,9.5,No
5.2,0.34,1.8,0.05,63,0.9916,0.79,14,No
6.3,0.39,1.7,0.066,20,0.9954,0.58,9.4,No
5.2,0.34,1.8,0.05,63,0.9916,0.79,14,No
8.1,0.67,1.8,0.117,141,0.9968,0.62,9.4,No
5.8,0.68,1.8,0.087,94,0.9944,0.52,10,No
7.6,0.49,1.6,0.236,88,0.9968,0.8,9.3,No
6.9,0.49,2.3,0.074,30,0.9959,0.58,10.2,No
8.2,0.4,2.8,0.089,43,0.9975,0.61,10.5,No
7.3,0.33,2.1,0.077,11,0.9958,0.53,10.3,No
9.2,0.52,3.4,0.61,69,0.9996,2,9.4,No
7.5,0.6,1.8,0.095,99,0.995,0.54,10.1,No
7.5,0.6,1.8,0.095,99,0.995,0.54,10.1,No
7.1,0.43,5.5,0.07,129,0.9973,0.72,10.5,No
7.1,0.43,5.5,0.071,128,0.9973,0.71,10.5,No
7.1,0.43,5.5,0.07,129,0.9973,0.72,10.5,No
7.1,0.43,5.5,0.071,128,0.9973,0.71,10.5,No
7.1,0.68,2.2,0.073,22,0.9969,0.5,9.3,No
6.8,0.6,1.9,0.079,86,0.9968,0.57,9.3,No
7.6,0.95,2,0.09,20,0.9959,0.56,9.6,No
7.6,0.68,1.3,0.072,20,0.9965,1.08,9.2,No
7.8,0.53,1.7,0.076,31,0.9964,0.56,10,No
7.4,0.6,7.3,0.07,121,0.9982,0.49,9.4,No
7.3,0.59,7.2,0.07,121,0.9981,0.49,9.4,No
7.8,0.63,1.7,0.1,96,0.9961,0.62,9.5,No
6.8,0.64,2.1,0.085,101,0.9956,0.52,10.2,No
7.3,0.55,1.6,0.072,42,0.9956,0.48,9,No
6.8,0.63,2.1,0.089,44,0.9953,0.55,10.4,No
7.5,0.705,1.8,0.36,63,0.9964,1.59,9.5,No
7.9,0.885,1.8,0.058,8,0.9972,0.33,9.1,No
8,0.42,2,0.073,18,0.9972,0.61,9.2,No
8,0.42,2,0.073,18,0.9972,0.61,9.2,No
7.4,0.62,1.9,0.068,42,0.9961,0.57,11.5,No
7.3,0.38,2,0.08,35,0.9961,0.47,9.5,No
6.9,0.5,1.5,0.085,49,0.9958,0.78,9.5,No
7.3,0.38,2,0.08,35,0.9961,0.47,9.5,No
7.5,0.52,2.3,0.087,38,0.9972,0.61,10.5,No
7,0.805,2.5,0.068,20,0.9969,0.56,9.6,No
8.8,0.61,2.4,0.067,42,0.9969,0.59,9.5,No
8.8,0.61,2.4,0.067,42,0.9969,0.59,9.5,No
8.9,0.61,2,0.27,110,0.9972,1.02,9.3,No
7.2,0.73,2.5,0.076,42,0.9972,0.52,9.3,No
6.8,0.61,1.8,0.077,65,0.9971,0.58,9.3,No
6.7,0.62,1.9,0.079,62,0.997,0.58,9.3,No
8.9,0.31,2,0.111,85,0.9971,0.53,9.7,No
7.4,0.39,2,0.082,67,0.9972,0.55,9.2,No
7.7,0.705,2.6,0.084,26,0.9976,0.49,9.7,No
7.9,0.5,2,0.084,143,0.9968,0.55,9.5,No
7.9,0.49,1.9,0.082,144,0.9968,0.55,9.5,No
8.2,0.5,2.9,0.077,127,0.9976,0.62,9.4,No
6.4,0.37,1.9,0.074,49,0.9974,0.62,9.8,No
6.8,0.63,3.8,0.099,126,0.9969,0.61,9.5,No
7.6,0.55,2.2,0.071,28,0.9964,0.55,9.7,No
7.6,0.55,2.2,0.071,28,0.9964,0.55,9.7,No
7.8,0.59,2,0.074,120,0.9968,0.54,9.4,No
7.3,0.58,2.4,0.074,55,0.9968,0.59,10.2,No
11.5,0.3,2,0.067,27,0.9981,0.97,10.1,No
5.4,0.835,1.2,0.046,93,0.9924,0.85,13,Yes
6.9,1.09,2.1,0.061,31,0.9948,0.43,11.4,No
9.6,0.32,1.4,0.056,24,0.99695,0.82,10.3,Yes
8.8,0.37,2.1,0.097,145,0.9975,1.03,9.3,No
6.8,0.5,1.5,0.075,49,0.99545,0.79,9.5,No
7,0.42,1.6,0.088,39,0.9961,0.55,9.2,No
7,0.43,1.6,0.089,37,0.99615,0.56,9.2,No
12.8,0.3,2.6,0.095,28,0.9994,0.77,10.8,Yes
12.8,0.3,2.6,0.095,28,0.9994,0.77,10.8,Yes
7.8,0.57,1.8,0.069,120,0.99625,0.53,9.3,No
7.8,0.44,2.7,0.1,95,0.9966,0.67,9.4,No
11,0.3,2.1,0.054,19,0.998,0.88,10.5,Yes
9.7,0.53,2,0.039,19,0.99585,0.86,12.4,No
8,0.725,2.8,0.083,62,0.99685,0.56,10,No
11.6,0.44,2.1,0.059,15,0.998,0.67,10.2,No
8.2,0.57,2.2,0.06,65,0.9959,0.43,10.1,No
7.8,0.735,2.4,0.092,41,0.9974,0.71,9.8,No
7,0.49,5.6,0.06,121,0.9974,0.76,10.5,No
8.7,0.625,2,0.101,49,0.9962,0.57,11,No
8.1,0.725,2.2,0.072,41,0.9967,0.55,9.1,No
7.5,0.49,1.9,0.076,44,0.9957,0.54,9.7,No
7.8,0.53,2.4,0.08,144,0.99655,0.6,9.5,No
7.8,0.34,2,0.082,58,0.9964,0.59,9.4,No
7.4,0.53,2,0.101,72,0.9957,0.57,9.4,No
6.8,0.61,1.5,0.057,10,0.99525,0.6,9.5,No
8.6,0.645,2,0.083,28,0.99815,0.6,10,No
8.4,0.635,2,0.089,55,0.99745,0.57,10.4,No
7.7,0.43,2.6,0.073,63,0.99615,0.58,10.5,No
8.9,0.59,2,0.337,81,0.9964,1.61,9.5,No
9,0.82,2.6,0.089,23,0.9984,0.63,9.8,No
7.7,0.43,2.6,0.073,63,0.99615,0.58,10.5,No
6.9,0.52,2.6,0.081,37,0.99685,0.5,11,No
5.2,0.48,1.6,0.054,106,0.9927,0.62,12.2,Yes
8,0.38,1.8,0.078,49,0.99625,0.52,9.9,No
8.5,0.37,2.8,0.09,58,0.998,0.7,9.6,No
6.9,0.52,2.6,0.081,37,0.99685,0.5,11,No
8.2,1,2.3,0.065,37,0.99685,0.55,9,No
7.2,0.63,1.9,0.097,38,0.99675,0.58,9,No
7.2,0.63,1.9,0.097,38,0.99675,0.58,9,No
7.2,0.645,1.9,0.097,39,0.99675,0.58,9.2,No
7.2,0.63,1.9,0.097,38,0.99675,0.58,9,No
8.2,1,2.3,0.065,37,0.99685,0.55,9,No
8.9,0.635,1.7,0.263,62,0.9971,1.09,9.3,No
12,0.38,2.1,0.093,24,0.99925,0.71,10.9,No
7.7,0.58,1.8,0.102,109,0.99565,0.49,9.8,No
15,0.21,2.2,0.075,24,1.00005,0.84,9.2,Yes
15,0.21,2.2,0.075,24,1.00005,0.84,9.2,Yes
7.3,0.66,2,0.084,23,0.9983,0.96,9.9,No
7.1,0.68,1.9,0.075,51,0.99685,0.52,9.5,No
8.2,0.6,2.3,0.072,73,0.9963,0.45,9.3,No
7.7,0.53,1.7,0.074,39,0.99615,0.48,9.8,No
7.3,0.66,2,0.084,23,0.9983,0.96,9.9,No
10.8,0.32,1.6,0.063,37,0.9985,0.78,10,No
7.1,0.6,1.8,0.074,34,0.9972,0.7,9.9,No
11.1,0.35,3.1,0.09,21,0.9986,0.53,10.5,No
7.7,0.775,1.9,0.092,86,0.9959,0.59,9.5,No
7.1,0.6,1.8,0.074,34,0.9972,0.7,9.9,No
8,0.57,3.2,0.073,119,0.99675,0.57,9.3,No
9.4,0.34,2.2,0.075,13,0.998,0.62,9.2,No
6.6,0.695,2.1,0.075,56,0.9968,0.67,9.2,No
7.7,0.41,1.8,0.611,45,0.9968,1.26,9.4,No
10,0.31,2.6,0.085,33,0.99965,0.8,10.5,Yes
7.9,0.33,1.7,0.077,45,0.99625,0.65,9.3,No
7,0.975,2,0.087,67,0.99565,0.6,9.4,No
8,0.52,1.7,0.07,35,0.99575,0.57,10,No
7.9,0.37,1.8,0.077,49,0.9963,0.67,9.3,No
12.5,0.56,2.4,0.064,27,0.9999,0.87,10.9,No
11.8,0.26,1.8,0.071,10,0.9968,0.72,10.2,Yes
8.1,0.87,3.3,0.096,61,1.00025,0.72,9.8,No
7.9,0.35,3.6,0.078,37,0.9973,0.86,12.8,Yes
6.9,0.54,3,0.077,27,0.9987,0.91,9.4,No
11.5,0.18,4,0.104,23,0.9996,0.97,10.1,No
7.9,0.545,4,0.087,61,0.9965,0.67,10.7,No
11.5,0.18,4,0.104,23,0.9996,0.97,10.1,No
10.9,0.37,4,0.071,65,0.99935,0.78,10.1,No
8.4,0.715,2.4,0.076,38,0.99735,0.64,9.4,No
7.5,0.65,7,0.088,94,0.99915,0.77,9.4,No
7.9,0.545,4,0.087,61,0.9965,0.67,10.7,No
6.9,0.54,3,0.077,27,0.9987,0.91,9.4,No
11.5,0.18,4,0.104,23,0.9996,0.97,10.1,No
10.3,0.32,6.4,0.073,13,0.9976,0.82,12.6,Yes
8.9,0.4,5.6,0.087,47,0.9991,0.77,10.5,Yes
11.4,0.26,3.6,0.071,19,0.9986,0.82,9.3,No
7.7,0.27,3.5,0.358,10,0.9972,1.08,9.9,Yes
7.6,0.52,3,0.067,53,0.9971,0.57,9.1,No
8.9,0.4,5.6,0.087,47,0.9991,0.77,10.5,Yes
9.9,0.59,3.4,0.102,71,1.00015,0.71,9.8,No
9.9,0.59,3.4,0.102,71,1.00015,0.71,9.8,No
12,0.45,2,0.073,49,0.9997,0.76,10.3,No
7.5,0.4,3,0.092,53,0.9967,0.7,10.3,No
8.7,0.52,2.5,0.091,49,0.9976,0.86,10.6,Yes
11.6,0.42,3.3,0.105,98,1.001,0.95,9.2,No
8.7,0.52,2.5,0.091,49,0.9976,0.86,10.6,Yes
11,0.2,2,0.343,18,0.9979,0.71,10.5,No
10.4,0.55,2.7,0.091,48,0.9994,0.64,10.3,No
6.9,0.36,2.4,0.098,16,0.9964,0.6,10.1,No
13.3,0.34,3.2,0.094,53,1.0014,0.81,9.5,No
10.8,0.5,2.5,0.073,27,1.0001,0.64,9.5,No
10.6,0.83,2.6,0.086,70,0.9981,0.52,9.9,No
7.1,0.63,2,0.083,29,0.99855,0.73,9.6,No
7.2,0.65,2.3,0.094,31,0.9993,0.8,9.7,No
6.9,0.67,2.1,0.08,33,0.99845,0.71,9.6,No
7.5,0.53,2.6,0.086,44,0.9965,0.59,10.7,No
11.1,0.18,1.5,0.068,15,0.9973,0.64,10.1,No
8.3,0.705,2.6,0.092,28,0.9994,0.72,10,No
7.4,0.67,1.6,0.186,21,0.996,0.54,9.5,No
8.4,0.65,2.1,0.112,90,0.9973,0.52,9.2,No
10.3,0.53,2.5,0.063,25,0.9998,0.59,9.3,No
7.6,0.62,2.2,0.082,54,0.9966,0.52,9.4,No
10.3,0.41,2.4,0.213,14,0.9994,0.62,9.5,No
10.3,0.43,2.4,0.214,12,0.9994,0.63,9.5,No
7.4,0.29,1.7,0.062,30,0.9968,0.53,9.5,No
10.3,0.53,2.5,0.063,25,0.9998,0.59,9.3,No
7.9,0.53,2,0.072,105,0.996,0.54,9.4,No
9,0.46,2.8,0.093,98,0.99815,0.63,9.5,No
8.6,0.47,3,0.076,135,0.9976,0.53,9.4,No
7.4,0.36,2.6,0.087,72,0.99645,0.68,11,No
7.1,0.35,2.5,0.096,53,0.9962,0.65,11,No
9.6,0.56,3.4,0.102,92,0.9996,0.65,10.1,No
9.6,0.77,2.9,0.082,74,0.99865,0.64,10.4,No
9.8,0.66,3.2,0.083,59,0.9989,0.71,11.5,Yes
9.6,0.77,2.9,0.082,74,0.99865,0.64,10.4,No
9.8,0.66,3.2,0.083,59,0.9989,0.71,11.5,Yes
9.3,0.61,3.4,0.09,87,0.99975,0.62,9.7,No
7.8,0.62,2.3,0.079,18,0.99735,0.63,9.3,No
10.3,0.59,2.8,0.09,73,0.999,0.7,9.5,No
10,0.49,11,0.071,50,1.0015,0.69,9.2,No
10,0.49,11,0.071,50,1.0015,0.69,9.2,No
11.6,0.53,3.65,0.121,14,0.9978,0.74,11.5,Yes
10.3,0.44,4.5,0.107,13,0.998,0.83,11.5,No
13.4,0.27,2.6,0.082,21,1.0002,0.67,9.7,No
10.7,0.46,2,0.061,15,0.9981,0.62,9.5,No
10.2,0.36,2.9,0.122,41,0.998,0.66,12.5,No
10.2,0.36,2.9,0.122,41,0.998,0.66,12.5,No
8,0.58,3.2,0.066,114,0.9973,0.54,9.4,No
8.4,0.56,2.1,0.105,44,0.9958,0.52,11,No
7.9,0.65,2.5,0.078,38,0.9963,0.74,11.7,Yes
11.9,0.695,3.4,0.128,21,0.9992,0.84,12.2,Yes
8.9,0.43,1.9,0.052,16,0.9948,0.7,12.5,No
7.8,0.43,2.8,0.08,58,0.9974,0.64,10.3,No
12.4,0.49,3,0.103,99,1.0008,1,11.5,No
12.5,0.28,2.3,0.082,29,0.9997,1.36,9.8,Yes
12.2,0.34,2.4,0.066,21,1,1.18,9.2,No
10.6,0.42,2.7,0.065,18,0.9972,0.87,11.3,No
10.9,0.39,1.8,0.118,14,0.9982,0.75,9.8,No
10.9,0.39,1.8,0.118,14,0.9982,0.75,9.8,No
11.9,0.57,2.6,0.082,32,1.0006,0.78,10.7,No
7,0.685,1.9,0.067,63,0.9979,0.81,9.9,No
6.6,0.815,2.7,0.072,34,0.9955,0.89,12.3,Yes
13.8,0.49,3,0.093,15,0.9986,0.93,12,No
9.6,0.56,2.8,0.089,46,0.9979,0.92,10,No
9.1,0.785,2.6,0.093,28,0.9994,0.86,9.4,No
10.7,0.67,2.7,0.107,34,1.0004,0.98,9.9,No
9.1,0.795,2.6,0.096,26,0.9994,0.83,9.4,No
7.7,0.665,2.4,0.09,19,0.9974,0.73,9.3,No
13.5,0.53,4.8,0.12,77,1.0018,0.77,13,No
6.1,0.21,1.4,0.066,165,0.9912,0.59,11.9,No
6.7,0.75,2.4,0.078,32,0.9955,0.61,12.8,No
11.5,0.41,3,0.08,55,1.0001,0.88,11,No
10.5,0.42,2.95,0.116,29,0.997,0.75,11.7,Yes
11.9,0.43,3.1,0.109,23,1,0.85,10.4,Yes
12.6,0.38,2.6,0.088,41,1.001,0.68,9.8,No
8.2,0.7,2,0.099,81,0.9973,0.7,9.4,No
8.6,0.45,2.6,0.086,50,0.9982,0.91,9.9,No
11.9,0.58,2.5,0.072,37,0.9992,0.56,10,No
12.5,0.46,2,0.071,15,0.9988,0.87,10.2,No
12.8,0.615,5.8,0.083,42,1.0022,0.73,10,Yes
10,0.42,3.4,0.107,21,0.9979,0.93,11.8,No
12.8,0.615,5.8,0.083,42,1.0022,0.73,10,Yes
10.4,0.575,2.6,0.076,24,1,0.69,9,No
10.3,0.34,2.8,0.159,75,0.9998,0.64,9.4,No
9.4,0.27,2.4,0.074,18,0.9962,1.13,12,Yes
6.9,0.765,2.3,0.063,63,0.9975,0.78,9.9,No
7.9,0.24,1.6,0.056,25,0.9967,0.87,8.7,No
9.1,0.28,1.8,0.067,46,0.9967,1.04,10.6,No
7.4,0.55,2.2,0.106,72,0.9959,0.63,9.2,No
14,0.41,3.8,0.089,47,1.0014,0.81,10.8,No
11.5,0.54,4.4,0.124,15,0.9984,0.83,11.8,Yes
11.5,0.45,3,0.078,47,1.0003,1.11,11,No
9.4,0.27,2.4,0.074,18,0.9962,1.13,12,Yes
11.4,0.625,6.2,0.088,24,0.9988,0.99,13.3,No
8.3,0.42,2.5,0.094,60,0.9979,0.7,10.8,No
8.3,0.26,2,0.08,27,0.9974,0.8,9.4,No
13.7,0.415,2.9,0.085,43,1.0014,0.8,10,No
8.3,0.26,2,0.08,27,0.9974,0.8,9.4,No
8.3,0.26,2,0.08,27,0.9974,0.8,9.4,No
7.7,0.51,2.1,0.087,54,0.998,0.74,9.2,No
7.4,0.63,2.4,0.09,37,0.9979,0.76,9.7,No
7.8,0.54,2,0.088,48,0.9981,0.74,9.2,No
8.3,0.66,1.9,0.079,42,0.9972,0.54,9.6,No
7.8,0.46,1.9,0.088,53,0.9981,0.74,9.2,No
9.6,0.38,2.5,0.096,49,0.9982,0.7,10,Yes
5.6,0.85,1.4,0.045,88,0.9924,0.82,12.9,Yes
13.7,0.415,2.9,0.085,43,1.0014,0.8,10,No
9.5,0.37,2,0.082,26,0.998,0.51,9.5,No
8.4,0.665,2,0.112,95,0.997,0.54,9.1,No
12.7,0.6,2.3,0.063,25,0.9997,0.57,9.9,No
12,0.37,4.2,0.066,38,1.0004,0.6,13,Yes
6.6,0.735,7.9,0.122,124,0.9994,0.53,9.9,No
11.5,0.59,2.6,0.087,49,0.9988,0.65,11,No
11.5,0.59,2.6,0.087,49,0.9988,0.65,11,No
8.7,0.765,2.3,0.064,42,0.9963,0.55,9.4,No
6.6,0.735,7.9,0.122,124,0.9994,0.53,9.9,No
7.7,0.26,1.7,0.059,38,0.9949,0.47,10.8,No
12.2,0.48,2.6,0.085,64,1,0.61,10.5,No
11.4,0.6,2.7,0.085,41,0.9994,0.63,10.5,No
7.7,0.69,2.7,0.075,27,0.9974,0.61,9.1,No
8.7,0.31,1.4,0.059,25,0.9966,0.76,10.1,No
9.8,0.44,2.5,0.063,28,0.9981,0.65,10.8,No
12,0.39,3,0.093,30,0.9996,0.63,10.8,Yes
10.4,0.34,3.7,0.174,16,0.997,0.7,11.3,No
12.5,0.46,4.5,0.07,49,0.9981,0.57,9.6,No
9,0.43,2.5,0.08,86,0.9987,0.62,9.5,No
9.1,0.45,2.4,0.08,78,0.9987,0.62,9.5,No
7.1,0.735,1.9,0.1,77,0.9966,0.64,9.3,No
9.9,0.4,6.7,0.097,19,0.9986,0.82,11.7,Yes
8.8,0.52,2.7,0.087,122,0.9982,0.61,9.5,No
8.6,0.725,6.6,0.117,134,1.0014,1.07,9.3,No
10.6,0.48,2.2,0.111,20,0.997,0.66,11.7,No
7,0.58,1.9,0.091,124,0.9956,0.48,10.5,No
11.9,0.38,2,0.121,20,0.9996,0.76,10.4,No
6.8,0.77,1.8,0.066,52,0.9976,0.68,9.9,No
9.5,0.56,2.4,0.089,67,0.9972,0.73,11.8,Yes
6.6,0.84,2.3,0.059,48,0.9952,0.56,12.3,Yes
7.7,0.96,2,0.047,60,0.9955,0.44,10.9,No
10.5,0.24,2.1,0.066,24,0.9978,0.9,11,Yes
7.7,0.96,2,0.047,60,0.9955,0.44,10.9,No
6.6,0.84,2.3,0.059,48,0.9952,0.56,12.3,Yes
6.4,0.67,2.1,0.045,48,0.9949,0.49,11.4,No
9.5,0.78,1.9,0.077,32,0.9988,0.56,10.6,No
9.1,0.52,1.3,0.07,30,0.9978,0.6,9.3,No
12.8,0.84,2.4,0.088,35,0.9997,0.6,10.4,No
10.5,0.24,2.1,0.066,24,0.9978,0.9,11,Yes
7.8,0.55,2.2,0.074,66,0.9974,0.56,9.2,No
11.9,0.37,2.3,0.078,24,0.9958,0.65,12.8,No
12.3,0.39,2.3,0.091,18,1.0004,0.49,9.5,No
10.4,0.41,3.2,0.076,54,0.9996,0.89,9.9,No
12.3,0.39,2.3,0.091,18,1.0004,0.49,9.5,No
8,0.67,2,0.06,62,0.9958,0.56,10.2,No
11.1,0.45,3.2,0.066,22,0.9986,0.66,11.2,No
10.4,0.41,3.2,0.076,54,0.9996,0.89,9.9,No
7,0.62,1.5,0.062,50,0.9951,0.6,9.3,No
12.6,0.31,2.2,0.072,29,0.9987,0.82,9.8,Yes
11.9,0.4,2.15,0.068,27,0.9988,0.68,11.3,No
15.6,0.685,3.7,0.1,43,1.0032,0.68,11.2,Yes
10,0.44,2.7,0.077,19,0.9963,0.63,11.6,Yes
5.3,0.57,1.7,0.054,27,0.9934,0.84,12.5,Yes
9.5,0.735,2.1,0.079,31,0.9986,0.56,10.1,No
12.5,0.38,2.6,0.081,72,0.9996,0.73,10.5,No
9.3,0.48,2.1,0.127,16,0.9968,0.72,11.2,No
8.6,0.53,2,0.1,27,0.9967,0.56,10.2,No
11.9,0.39,2.8,0.095,35,0.9994,0.61,10.8,No
11.9,0.39,2.8,0.095,35,0.9994,0.61,10.8,No
8.4,0.37,1.8,0.413,26,0.9979,1.06,9.1,No
6.8,0.56,1.7,0.084,35,0.9968,0.63,10,No
10.4,0.33,2.8,0.084,22,0.9998,0.74,11.2,Yes
7,0.23,1.6,0.063,67,0.9952,0.63,11.1,No
11.3,0.62,5.2,0.086,19,0.9988,0.69,13.4,Yes
8.9,0.59,2.3,0.095,22,0.9986,0.58,10.3,No
9.2,0.63,2.7,0.097,65,0.9988,0.58,9.6,No
10.4,0.33,2.8,0.084,22,0.9998,0.74,11.2,Yes
11.6,0.58,2.2,0.074,47,1.0008,0.57,9,No
9.2,0.43,2.3,0.083,23,0.9976,0.61,11.3,No
8.3,0.615,2.6,0.087,19,0.9982,0.61,9.3,No
11,0.26,2.55,0.085,25,0.997,0.61,11.8,No
8.1,0.66,2.2,0.098,129,0.9972,0.53,9,No
11.5,0.315,2.1,0.084,15,0.9987,0.7,9.2,No
10,0.29,2.9,0.098,26,1.0006,0.91,9.7,No
10.3,0.5,2,0.069,51,0.9982,0.72,11.5,No
8.8,0.46,2.6,0.065,18,0.9947,0.79,14,No
11.4,0.36,2.1,0.09,21,1,0.62,9.2,No
8.7,0.82,1.2,0.07,48,0.9952,0.58,9.8,No
13,0.32,2.6,0.093,47,0.9996,0.61,10.6,No
9.6,0.54,2.4,0.081,52,0.997,0.71,11.4,No
12.5,0.37,2.6,0.083,68,0.9995,0.82,10.4,No
9.9,0.35,2.1,0.062,14,0.9971,0.79,10.6,No
10.5,0.28,1.7,0.08,24,0.9982,0.89,9.4,No
9.6,0.68,2.2,0.087,28,0.9988,0.6,10.2,No
9.3,0.27,2,0.091,16,0.998,0.7,9.7,No
10.4,0.24,1.8,0.075,20,0.9977,1.06,11,No
9.6,0.68,2.2,0.087,28,0.9988,0.6,10.2,No
9.4,0.685,2.7,0.077,31,0.9984,0.7,10.1,No
10.6,0.28,15.5,0.069,23,1.0026,0.66,9.2,No
9.4,0.3,2.8,0.08,17,0.9964,0.92,11.7,Yes
10.6,0.36,2.2,0.152,18,0.9986,1.05,9.4,No
10.6,0.36,2.2,0.152,18,0.9986,1.06,9.4,No
10.6,0.44,4.1,0.114,24,0.997,0.66,13.4,No
10.2,0.67,1.9,0.054,17,0.9976,0.47,10,No
10.2,0.67,1.9,0.054,17,0.9976,0.47,10,No
10.2,0.645,1.8,0.053,14,0.9982,0.42,10,No
11.6,0.32,2.8,0.081,67,1.0002,0.92,10.8,Yes
9.3,0.39,2.6,0.073,26,0.9984,0.75,10.2,No
9.3,0.775,2.8,0.078,56,0.9984,0.67,10.6,No
9.2,0.41,2.5,0.055,25,0.9952,0.79,13.3,Yes
8.9,0.4,2.6,0.052,27,0.995,0.9,13.4,Yes
8.7,0.69,3,0.086,81,1.0002,0.74,11.6,No
6.5,0.39,8.3,0.051,91,0.9952,0.55,12.1,No
10.7,0.35,2.6,0.07,16,0.9972,0.65,11,Yes
7.8,0.52,1.9,0.081,38,0.9984,0.65,9,No
7.2,0.34,2.5,0.09,113,0.9966,0.79,11.1,No
10.7,0.35,2.6,0.07,16,0.9972,0.65,11,Yes
8.7,0.69,3,0.086,81,1.0002,0.74,11.6,No
7.8,0.52,1.9,0.081,38,0.9984,0.65,9,No
10.4,0.44,6.55,0.074,76,0.999,0.85,12,Yes
10.4,0.44,6.55,0.074,76,0.999,0.85,12,Yes
10.5,0.26,1.9,0.078,24,0.9976,1.04,10.9,Yes
10.5,0.24,1.8,0.077,22,0.9976,1.05,10.8,Yes
10.2,0.49,2.9,0.072,26,0.9968,0.78,12.5,Yes
10.4,0.24,1.8,0.075,21,0.9976,1.02,10.8,Yes
11.2,0.67,2.3,0.084,13,1,0.71,9.5,No
10,0.59,2.2,0.09,62,0.9994,0.63,10.2,No
13.3,0.29,2.8,0.084,43,0.9986,0.68,11.4,Yes
12.4,0.42,4.6,0.073,43,0.9978,0.61,9.5,No
10,0.59,2.2,0.09,62,0.9994,0.63,10.2,No
10.7,0.4,2.1,0.125,49,0.998,0.81,9.7,No
10.5,0.51,2.4,0.107,15,0.9973,0.66,11.8,Yes
10.5,0.51,2.4,0.107,15,0.9973,0.66,11.8,Yes
8.5,0.655,6.1,0.122,151,1.001,1.14,9.3,No
12.5,0.6,4.3,0.1,14,1.001,0.74,11.9,No
10.4,0.61,2.1,0.2,16,0.9994,0.63,8.4,No
10.9,0.21,2.8,0.088,32,0.9972,0.68,11.7,No
7.3,0.365,2.5,0.088,106,0.9966,0.78,11,No
9.8,0.25,2.7,0.088,33,0.9982,0.9,10,No
7.6,0.41,2,0.088,43,0.998,0.64,9.1,No
8.2,0.39,2.3,0.099,133,0.9979,0.99,9.8,No
9.3,0.4,2.5,0.085,142,0.9978,0.55,9.4,No
9.2,0.43,2.4,0.086,116,0.9976,0.64,9.5,No
10.4,0.64,2.8,0.105,53,0.9998,0.67,9.9,No
7.3,0.365,2.5,0.088,106,0.9966,0.78,11,No
7,0.38,2.5,0.097,85,0.9962,0.77,11.4,No
8.2,0.42,2.6,0.084,55,0.9988,0.75,8.7,No
9.9,0.63,2.4,0.077,33,0.9974,0.57,9.4,No
9.1,0.22,2.1,0.078,28,0.999,0.87,10.3,No
11.9,0.38,2.7,0.098,42,1.0004,0.61,10.3,No
11.9,0.38,2.7,0.098,42,1.0004,0.61,10.3,No
10.3,0.27,2.1,0.072,33,0.9956,0.66,12.8,No
10,0.48,2.7,0.102,32,1,0.56,10,No
9.1,0.22,2.1,0.078,28,0.999,0.87,10.3,No
9.9,0.63,2.4,0.077,33,0.9974,0.57,9.4,No
8.1,0.825,2.1,0.084,13,0.9972,0.77,10.7,No
12.9,0.35,5.8,0.066,35,1.0014,0.66,12,Yes
11.2,0.5,5.15,0.1,17,0.9996,0.62,11.2,No
9.2,0.59,3.3,0.101,47,0.9988,0.67,9.6,No
9.5,0.46,6.3,0.064,17,0.9988,0.73,11,No
9.3,0.715,2.1,0.07,20,0.9966,0.59,9.9,No
11.2,0.66,2.5,0.085,53,0.9993,0.72,11,No
14.3,0.31,1.8,0.075,15,1.0008,0.79,8.4,No
9.1,0.47,2.6,0.094,106,0.9982,0.59,9.1,No
7.5,0.55,2,0.078,28,0.9983,0.78,9.5,No
10.6,0.31,2.5,0.067,21,0.9987,0.86,10.7,No
12.4,0.35,2.6,0.079,69,0.9994,0.75,10.4,No
9,0.53,1.9,0.171,25,0.9975,0.61,9.4,No
6.8,0.51,2.1,0.074,25,0.9958,0.56,9.5,No
9.4,0.43,2.8,0.092,45,0.998,0.73,10,No
9.5,0.46,2.7,0.092,44,0.998,0.74,10,No
5,1.04,1.6,0.05,96,0.9934,0.62,11.5,No
15.5,0.645,4.2,0.095,23,1.00315,0.74,11.1,No
15.5,0.645,4.2,0.095,23,1.00315,0.74,11.1,No
10.9,0.53,4.6,0.118,17,1.0002,0.56,11.7,No
15.6,0.645,4.2,0.095,23,1.00315,0.74,11.1,No
10.9,0.53,4.6,0.118,17,1.0002,0.56,11.7,No
13,0.47,4.3,0.085,47,1.0021,0.68,12.7,No
12.7,0.6,2.8,0.075,19,0.9994,0.57,11.4,No
9,0.44,2.4,0.078,121,0.9978,0.58,9.2,No
9,0.54,2.9,0.094,110,0.9982,0.61,9.2,No
7.6,0.29,2.7,0.092,60,0.9971,0.61,10.1,No
13,0.47,4.3,0.085,47,1.0021,0.68,12.7,No
12.7,0.6,2.8,0.075,19,0.9994,0.57,11.4,No
8.7,0.7,2.5,0.226,15,0.9991,0.6,9,No
8.7,0.7,2.5,0.226,15,0.9991,0.6,9,No
9.8,0.5,2.6,0.25,20,0.999,0.79,10.7,No
6.2,0.36,2.2,0.095,42,0.9946,0.57,11.7,No
11.5,0.35,3.3,0.07,37,1.0003,0.91,11,No
6.2,0.36,2.2,0.095,42,0.9946,0.57,11.7,No
10.2,0.24,2.4,0.075,28,0.9978,0.61,10.4,No
10.5,0.59,2.1,0.07,47,0.9991,0.56,9.6,No
10.6,0.34,3.2,0.078,78,0.9992,0.7,10,No
12.3,0.27,3.1,0.079,46,0.9993,0.8,10.2,No
9.9,0.5,2.3,0.103,14,0.9978,0.52,10,No
8.8,0.44,2.8,0.083,111,0.9982,0.6,9.5,No
8.8,0.47,2.9,0.085,110,0.9982,0.6,9.8,No
10.6,0.31,2.2,0.063,40,0.9976,0.51,9.8,No
12.3,0.5,2.2,0.089,14,1.0002,0.44,9.6,No
12.3,0.5,2.2,0.089,14,1.0002,0.44,9.6,No
11.7,0.49,2.2,0.083,15,1,0.43,9.2,No
12,0.28,1.9,0.074,21,0.9976,0.66,9.9,Yes
11.8,0.33,3.4,0.093,80,1.0002,0.76,10.7,Yes
7.6,0.51,2.4,0.091,38,0.998,0.66,9.6,No
11.1,0.31,2.7,0.094,47,0.9986,1.02,10.6,Yes
7.3,0.73,1.9,0.108,102,0.9967,0.59,9.3,No
5,0.42,2,0.06,50,0.9917,0.74,14,Yes
10.2,0.29,2.6,0.059,13,0.9976,0.74,10.5,Yes
9,0.45,2.6,0.084,75,0.9987,0.57,9.7,No
6.6,0.39,1.7,0.07,149,0.9922,0.5,11.5,No
9,0.45,2.6,0.084,75,0.9987,0.57,9.7,No
9.9,0.49,3.5,0.094,43,1.0004,0.58,9,No
7.9,0.72,2.6,0.096,38,0.9978,0.53,9.5,No
8.9,0.595,7.9,0.086,109,0.9998,0.57,9.3,No
12.4,0.4,2,0.059,24,0.9994,0.6,9.3,No
11.9,0.58,1.9,0.071,18,0.998,0.63,10,No
8.5,0.585,2.1,0.078,30,0.9967,0.48,9.8,No
12.7,0.59,2.3,0.082,22,1,0.7,9.3,No
8.2,0.915,2.1,0.088,23,0.9962,0.47,10,No
13.2,0.46,2.2,0.071,35,1.0006,0.56,9,No
7.7,0.835,2.6,0.081,14,0.9975,0.52,9.3,No
13.2,0.46,2.2,0.071,35,1.0006,0.56,9,No
8.3,0.58,2.9,0.096,63,0.9984,0.62,9.1,No
8.3,0.6,2.6,0.085,24,0.9984,0.59,9.2,No
9.4,0.41,4.6,0.072,20,0.9973,0.79,12.2,Yes
8.8,0.48,3.3,0.092,52,0.9982,0.53,10.5,No
10.1,0.65,5.1,0.11,65,1.0026,0.64,10.4,No
6.3,0.36,3.2,0.075,39,0.9956,0.52,12.7,No
8.8,0.24,2.5,0.083,57,0.9983,0.54,9.2,No
13.2,0.38,2.7,0.081,16,1.0006,0.54,9.4,No
7.5,0.64,2.4,0.077,29,0.9965,0.6,10,No
8.2,0.39,1.5,0.058,29,0.9962,0.74,9.8,No
9.2,0.755,2.2,0.148,103,0.9969,1.36,10.2,No
9.6,0.6,2.3,0.079,71,0.9997,0.57,9.7,No
9.6,0.6,2.3,0.079,71,0.9997,0.57,9.7,No
11.5,0.31,2.2,0.079,28,0.9982,0.93,9.8,No
11.4,0.46,2.7,0.122,17,1.0006,0.7,10.2,No
11.3,0.37,2.3,0.088,16,0.9988,0.8,9.3,No
8.3,0.54,3.4,0.076,112,0.9976,0.61,9.4,No
8.2,0.56,3.4,0.078,104,0.9976,0.62,9.4,No
10,0.58,1.9,0.08,32,0.9974,0.55,9.5,No
7.9,0.51,2.9,0.077,45,0.9974,0.96,12.1,No
6.8,0.69,5.6,0.124,58,0.9997,0.72,10.2,No
6.8,0.69,5.6,0.124,58,0.9997,0.72,10.2,No
8.8,0.6,2.2,0.098,15,0.9988,0.49,9.1,No
8.8,0.6,2.2,0.098,15,0.9988,0.49,9.1,No
8.7,0.54,2.5,0.097,31,0.9976,0.6,9.3,No
7.6,0.685,2.3,0.111,84,0.9964,0.61,9.3,No
8.7,0.54,2.5,0.097,31,0.9976,0.6,9.3,No
10.4,0.28,2.7,0.105,19,0.9988,0.63,9.5,No
7.6,0.41,3,0.087,43,0.9964,0.57,10.5,No
10.1,0.935,3.4,0.105,86,1.001,0.64,11.3,No
7.9,0.35,1.9,0.073,102,0.9964,0.58,9.5,No
8.7,0.84,1.4,0.065,33,0.9954,0.55,9.7,No
9.6,0.88,2.4,0.086,147,0.9979,0.53,9.4,No
9.5,0.885,2.3,0.084,145,0.9978,0.53,9.4,No
7.7,0.915,2.2,0.143,23,0.9964,0.65,10.2,Yes
8.9,0.29,1.9,0.067,57,0.997,1.36,10.3,No
9.9,0.54,2.3,0.071,40,0.9991,0.62,9.4,No
9.5,0.59,2.3,0.071,68,0.9992,0.63,9.5,No
9.9,0.54,2.3,0.071,40,0.9991,0.62,9.4,No
9.5,0.59,2.3,0.071,68,0.9992,0.63,9.5,No
9.9,0.54,2.3,0.071,40,0.9991,0.62,9.4,No
7.8,0.64,6,0.115,11,0.9984,0.69,10.1,Yes
7.3,0.67,3.6,0.107,20,0.9972,0.63,10.1,No
8.3,0.845,2.2,0.07,14,0.9967,0.58,11,No
8.7,0.48,2.8,0.066,28,0.9964,0.67,11.2,Yes
6.7,0.42,8.6,0.068,148,0.9948,0.57,11.3,No
10.7,0.43,2.2,0.106,32,0.9986,0.5,9.6,No
9.8,0.88,2.5,0.104,155,1.001,0.67,11.2,No
15.9,0.36,7.5,0.096,71,0.9976,0.84,14.9,No
9.4,0.33,2.8,0.079,30,0.9976,0.54,12,No
8.6,0.47,2.4,0.074,29,0.9979,0.46,9.5,No
9.7,0.55,2.9,0.087,53,1.0004,0.61,9.4,No
10.7,0.43,2.2,0.106,32,0.9986,0.5,9.6,No
12,0.5,1.4,0.073,42,0.998,0.68,10.5,Yes
7.2,0.52,1.4,0.074,20,0.9973,0.81,9.6,No
7.1,0.84,4.4,0.096,13,0.997,0.57,11,No
7.2,0.52,1.4,0.074,20,0.9973,0.81,9.6,No
7.5,0.42,1.6,0.08,42,0.9978,0.64,9,No
7.2,0.57,1.6,0.076,27,0.9972,0.7,9.6,No
10.1,0.28,1.8,0.05,13,0.9974,0.79,10.2,No
12.1,0.4,2,0.092,54,1,0.66,10.2,No
9.4,0.59,2,0.084,48,0.9981,0.56,9.7,No
8.3,0.49,1.8,0.222,16,0.998,0.6,9.5,No
11.3,0.34,2,0.082,15,0.9988,0.66,9.2,No
10,0.73,2.3,0.059,31,0.9966,0.57,11,No
11.3,0.34,2,0.082,15,0.9988,0.66,9.2,No
6.9,0.4,2.5,0.083,45,0.9959,0.58,10,No
8.2,0.73,1.7,0.074,13,0.9968,0.52,9.5,No
9.8,1.24,2,0.079,151,0.998,0.53,9.5,No
8.2,0.73,1.7,0.074,13,0.9968,0.52,9.5,No
10.8,0.4,2.2,0.084,17,0.9984,0.67,9.3,No
9.3,0.41,2.2,0.064,31,0.9984,0.65,10.2,No
10.8,0.4,2.2,0.084,17,0.9984,0.67,9.3,No
8.6,0.8,2.3,0.084,31,0.9979,0.48,9.9,No
8.3,0.78,2.6,0.081,87,0.9983,0.53,10,No
10.8,0.26,3.3,0.06,49,0.9972,0.54,9.6,No
13.3,0.43,1.9,0.07,40,1.0004,0.49,9,No
8,0.45,2.2,0.094,29,0.9962,0.49,10.2,No
8.5,0.46,2.25,0.078,58,0.998,0.54,9.8,No
8.1,0.78,2.6,0.059,15,0.997,0.56,11.3,No
9.8,0.98,2.3,0.078,152,0.998,0.48,9.4,No
8.1,0.78,2.6,0.059,15,0.997,0.56,11.3,No
7.1,0.65,1.8,0.07,40,0.997,0.6,9.1,No
9.1,0.64,3.1,0.095,38,0.9998,0.59,9.7,No
7.7,0.66,1.6,0.039,9,0.9962,0.47,9.4,No
8.1,0.38,1.8,0.157,17,0.9976,1.05,9.4,No
7.4,1.185,4.25,0.097,14,0.9966,0.54,10.7,No
9.2,0.92,2.6,0.087,93,0.9998,0.54,9.8,No
8.6,0.49,2,0.422,62,0.9979,1.17,9,No
9,0.48,2.8,0.084,122,0.9984,0.62,9.4,No
9,0.47,2.7,0.084,125,0.9984,0.61,9.4,No
5.1,0.47,1.3,0.034,44,0.9921,0.62,12.8,No
7,0.65,2.1,0.066,25,0.9972,0.67,9.5,No
7,0.65,2.1,0.066,25,0.9972,0.67,9.5,No
9.4,0.615,3.2,0.087,72,1.0001,0.53,9.7,No
11.8,0.38,2.1,0.071,19,0.9986,0.62,10.8,No
10.6,1.02,2.9,0.076,88,0.9984,0.57,10.1,No
7,0.65,2.1,0.066,25,0.9972,0.67,9.5,No
7,0.64,2.1,0.067,23,0.997,0.67,9.4,No
7.5,0.38,2.6,0.073,84,0.9972,0.7,9.6,No
9.1,0.765,1.6,0.078,14,0.998,0.54,9.7,No
8.4,1.035,6,0.073,54,0.999,0.49,9.9,No
7,0.78,2,0.093,19,0.9956,0.47,10,No
7.4,0.49,3,0.077,37,0.9966,0.51,10.5,No
7.8,0.545,2.5,0.068,35,0.996,0.61,11.6,No
9.7,0.31,1.6,0.062,33,0.9983,0.66,10,No
10.6,1.025,2.8,0.08,84,0.9985,0.57,10.1,No
8.9,0.565,3,0.093,112,0.9998,0.61,9.5,No
8.7,0.69,3.2,0.084,33,0.9992,0.45,9.4,No
8,0.43,2.3,0.075,48,0.9976,0.46,9.4,No
9.9,0.74,2.6,0.078,77,0.998,0.51,9.8,No
7.2,0.49,2.7,0.069,34,0.9967,0.48,9.2,No
8,0.43,2.3,0.075,48,0.9976,0.46,9.4,No
7.6,0.46,2.6,0.079,49,0.9968,0.57,10,No
8.4,0.56,2,0.082,22,0.9976,0.44,9.6,No
7.1,0.66,3.9,0.086,45,0.9976,0.54,9.5,No
8.4,0.56,2,0.082,22,0.9976,0.44,9.6,No
8.9,0.48,2.85,0.094,106,0.9982,0.53,9.2,No
7.6,0.42,2.7,0.084,48,0.9968,0.59,10,No
7.1,0.31,2.2,0.053,127,0.9965,1.62,9.5,No
7.5,1.115,3.1,0.086,12,0.9958,0.6,11.2,No
9,0.66,3,0.077,13,0.9976,0.55,10.4,No
8.1,0.72,2.8,0.084,49,0.9994,0.72,11.1,No
6.4,0.57,1.8,0.067,11,0.997,0.68,9.5,No
6.4,0.57,1.8,0.067,11,0.997,0.68,9.5,No
6.4,0.865,3.2,0.071,58,0.995,0.49,12.7,No
9.5,0.55,2.3,0.387,37,0.9982,0.67,9.6,No
8.9,0.875,3.45,0.088,14,0.9994,0.52,11.5,No
7.3,0.835,2.1,0.092,19,0.9966,0.47,9.6,No
7,0.45,2.7,0.082,72,0.998,0.6,9.5,No
7.7,0.56,2,0.075,39,0.9987,0.62,9.3,No
7.7,0.965,2.1,0.112,22,0.9963,0.5,9.5,No
7.7,0.965,2.1,0.112,22,0.9963,0.5,9.5,No
8.2,0.59,2.5,0.093,58,1.0002,0.65,9.3,No
9,0.46,2.8,0.092,104,0.9983,0.56,9.2,No
9,0.69,2.4,0.088,38,0.999,0.6,9.3,No
8.3,0.76,4.2,0.075,16,0.9965,0.68,11.5,No
9.2,0.53,2.6,0.078,139,0.99788,0.57,9.5,No
6.5,0.615,1.9,0.065,18,0.9972,0.65,9.2,No
11.6,0.41,2.8,0.096,101,1.00024,0.53,10,No
11.1,0.39,2.7,0.095,101,1.0001,0.51,9.5,No
7.3,0.51,2.1,0.07,28,0.99768,0.73,9.5,No
8.2,0.34,2.5,0.08,57,0.9978,0.47,9,No
8.6,0.33,2.6,0.083,68,0.99782,0.48,9.4,No
7.2,0.5,2.1,0.071,31,0.99761,0.72,9.6,No
7.3,0.51,2.1,0.07,28,0.99768,0.73,9.5,No
8.3,0.65,2.9,0.089,40,0.99803,0.55,9.5,No
8.3,0.65,2.9,0.089,40,0.99803,0.55,9.5,No
7.6,0.54,2.5,0.097,66,0.99785,0.61,9.4,No
8.3,0.65,2.9,0.089,40,0.99803,0.55,9.5,No
7.8,0.48,1.7,0.415,32,0.99656,1.06,9.1,No
7.8,0.91,1.9,0.058,47,0.99525,0.43,10.7,No
6.3,0.98,2,0.057,33,0.99488,0.46,11.2,No
8.1,0.87,2.2,0.084,31,0.99656,0.5,9.8,No
8.1,0.87,2.2,0.084,31,0.99656,0.5,9.8,No
8.8,0.42,2.5,0.092,88,0.99823,0.52,9.2,No
9,0.58,2.8,0.075,104,0.99779,0.57,9.7,No
9.3,0.655,2,0.096,35,0.99738,0.42,9.6,No
8.8,0.7,1.7,0.069,19,0.99701,0.53,10,No
9.3,0.655,2,0.096,35,0.99738,0.42,9.6,No
9.1,0.68,2.8,0.093,44,0.99888,0.55,9.5,No
9.2,0.67,3,0.091,48,0.99888,0.54,9.5,No
8.8,0.59,2.9,0.089,74,0.99738,0.54,9.4,No
7.5,0.6,2.7,0.103,98,0.99938,0.62,9.5,No
7.1,0.59,2.3,0.082,94,0.99744,0.53,9.7,No
7.9,0.72,1.9,0.076,32,0.99668,0.54,9.6,No
7.1,0.59,2.3,0.082,94,0.99744,0.53,9.7,No
9.4,0.685,2.4,0.082,143,0.9978,0.55,9.4,No
9.5,0.57,2.3,0.082,144,0.99782,0.55,9.4,No
7.9,0.4,1.8,0.157,44,0.9973,0.92,9.5,No
7.9,0.4,1.8,0.157,45,0.99727,0.91,9.5,No
7.2,1,3,0.102,16,0.99586,0.46,10,No
6.9,0.765,2.4,0.243,48,0.99612,0.6,10.3,No
6.9,0.635,2.4,0.241,18,0.9961,0.59,10.3,No
8.3,0.43,3.4,0.079,34,0.99788,0.61,10.5,No
7.1,0.52,2.6,0.076,92,0.99745,0.6,9.8,No
7,0.57,2,0.19,45,0.99676,0.6,9.4,No
6.5,0.46,2.4,0.114,37,0.99732,0.65,9.8,No
9,0.82,2.4,0.081,96,0.99814,0.53,10,No
6.5,0.46,2.4,0.114,37,0.99732,0.65,9.8,No
7.1,0.59,2.5,0.077,85,0.99746,0.59,9.8,No
9.9,0.35,2.3,0.083,61,0.9982,0.5,9.5,No
9.9,0.35,2.3,0.083,61,0.9982,0.5,9.5,No
10,0.56,2.2,0.079,58,0.9991,0.56,10.1,No
10,0.56,2.2,0.079,58,0.9991,0.56,10.1,No
8.6,0.63,2.9,0.099,119,0.998,0.52,9.3,No
7.4,0.37,2.6,0.082,82,0.99708,0.68,9.7,No
8.8,0.64,2.9,0.084,130,0.99818,0.54,9.6,No
7.1,0.61,2.5,0.081,87,0.99745,0.6,9.7,No
7.7,0.6,2.6,0.055,13,0.99639,0.56,10.8,No
10.1,0.27,2.3,0.065,26,0.99531,0.53,12.5,No
10.8,0.89,2.6,0.132,60,0.99786,1.18,10.2,No
8.7,0.46,2.5,0.126,64,0.99746,0.74,9.6,No
9.3,0.37,1.6,0.038,42,0.99526,0.81,10.8,Yes
9.4,0.5,3.6,0.082,14,0.9987,0.52,10.7,No
9.4,0.5,3.6,0.082,14,0.9987,0.52,10.7,No
7.2,0.61,4,0.082,108,0.99641,0.51,9.4,No
8.6,0.55,3.3,0.068,17,0.99735,0.44,10,No
5.1,0.585,1.7,0.044,86,0.99264,0.94,12.9,Yes
7.7,0.56,2.5,0.114,46,0.9971,0.66,9.6,No
8.4,0.52,2.7,0.084,18,0.99682,0.57,9.9,No
8.2,0.28,2.4,0.052,10,0.99356,0.7,12.8,Yes
8.4,0.25,2,0.041,10,0.99386,0.71,12.5,Yes
8.2,0.28,2.4,0.052,10,0.99356,0.7,12.8,Yes
7.4,0.53,1.9,0.165,12,0.99702,0.86,9.2,No
7.6,0.48,2.8,0.07,15,0.99693,0.55,10.3,No
7.3,0.49,2.6,0.068,14,0.99562,0.47,10.5,No
12.9,0.5,2.8,0.072,24,1.00012,0.68,10.9,No
10.8,0.45,2.5,0.099,38,0.99818,0.71,10.8,No
6.9,0.39,2.1,0.102,7,0.99462,0.58,11.4,No
12.6,0.41,2.8,0.103,41,0.99939,0.76,11.3,No
10.8,0.45,2.5,0.099,38,0.99818,0.71,10.8,No
9.8,0.51,3.2,0.081,30,0.9984,0.58,10.5,No
10.8,0.29,1.6,0.084,27,0.99545,0.73,11.9,No
7.1,0.715,2.35,0.071,47,0.99632,0.45,9.4,No
9.1,0.66,3.2,0.097,59,0.99976,0.54,9.6,No
7,0.685,1.9,0.099,22,0.99606,0.6,9.7,No
4.9,0.42,2.1,0.048,42,0.99154,0.74,14,Yes
6.7,0.54,2,0.076,36,0.9973,0.64,9.8,No
6.7,0.54,2,0.076,36,0.9973,0.64,9.8,No
7.1,0.48,2.8,0.068,16,0.99682,0.53,10.3,No
7.1,0.46,2.8,0.076,37,0.99624,0.49,10.7,No
7.5,0.27,2.3,0.05,8,0.9951,0.64,11,Yes
7.1,0.46,2.8,0.076,37,0.99624,0.49,10.7,No
7.8,0.57,2.3,0.065,45,0.99417,0.74,12.7,Yes
5.9,0.61,2.1,0.071,24,0.99376,0.77,11.1,No
7.5,0.685,2.5,0.058,9,0.99632,0.55,10.9,No
5.9,0.61,2.1,0.071,24,0.99376,0.77,11.1,No
10.4,0.44,1.5,0.145,48,0.99832,0.86,9.9,No
11.6,0.47,1.6,0.147,51,0.99836,0.86,9.9,No
8.8,0.685,1.6,0.088,23,0.99694,0.47,9.4,No
7.6,0.665,1.5,0.066,55,0.99655,0.51,9.3,No
6.7,0.28,2.4,0.012,100,0.99064,0.39,11.7,Yes
6.7,0.28,2.4,0.012,100,0.99064,0.39,11.7,Yes
10.1,0.31,1.6,0.075,28,0.99672,0.83,11.2,Yes
6,0.5,2.2,0.092,26,0.99647,0.47,10,No
11.1,0.42,2.65,0.085,34,0.99736,0.77,12.1,Yes
6.6,0.66,3,0.115,31,0.99629,0.63,10.3,No
10.6,0.5,2.6,0.119,68,0.99708,0.72,10.9,No
7.1,0.685,2,0.088,92,0.9963,0.62,9.4,No
9.9,0.25,1.7,0.062,42,0.9959,0.83,10.6,No
6.4,0.64,1.8,0.081,31,0.99689,0.66,9.8,No
6.4,0.64,1.8,0.081,31,0.99689,0.66,9.8,No
7.4,0.68,1.8,0.078,39,0.9977,0.7,9.9,No
6.4,0.64,1.8,0.081,31,0.99689,0.66,9.8,No
6.4,0.63,1.6,0.08,32,0.99689,0.66,9.8,No
9.3,0.43,1.9,0.085,22,0.99708,0.55,9.5,No
9.3,0.43,1.9,0.085,22,0.99708,0.55,9.5,No
8,0.42,2.5,0.08,122,0.99801,1.07,9.7,No
9.3,0.36,1.5,0.08,55,0.99652,0.73,10.9,No
9.3,0.36,1.5,0.08,55,0.99652,0.73,10.9,No
7.6,0.735,2.5,0.071,14,0.99538,0.71,11.7,Yes
9.3,0.36,1.5,0.08,55,0.99652,0.73,10.9,No
8.2,0.26,2.5,0.073,47,0.99594,0.78,11.3,Yes
11.7,0.28,1.7,0.054,32,0.99686,0.67,10.6,Yes
6.8,0.56,1.8,0.074,24,0.99438,0.82,11.2,No
7.2,0.62,2.7,0.077,85,0.99746,0.54,9.5,No
5.8,1.01,2,0.039,88,0.99357,0.6,11.5,No
7.5,0.42,2.7,0.067,25,0.99628,0.44,10.4,No
7.2,0.62,2.5,0.078,84,0.99746,0.53,9.7,No
7.2,0.62,2.7,0.077,85,0.99746,0.54,9.5,No
7.2,0.635,2.6,0.077,86,0.99748,0.54,9.7,No
6.8,0.49,2.3,0.071,24,0.99438,0.83,11.3,No
6.9,0.51,2,0.072,22,0.99438,0.84,11.2,No
6.8,0.56,1.8,0.074,24,0.99438,0.82,11.2,No
7.6,0.63,2,0.08,43,0.99578,0.64,10.9,No
7.7,0.715,2.1,0.064,43,0.99371,0.57,11.8,No
6.9,0.56,1.5,0.086,46,0.99522,0.57,10.6,No
7.3,0.35,2,0.067,48,0.99576,0.54,10,No
9.1,0.21,1.6,0.067,10,0.99552,0.58,11.1,Yes
10.4,0.38,2.1,0.104,10,0.99664,0.65,11.8,Yes
8.8,0.31,2.8,0.109,16,0.99614,0.79,11.8,Yes
7.1,0.47,2.2,0.067,14,0.99517,0.58,10.9,No
7.7,0.715,2.1,0.064,43,0.99371,0.57,11.8,No
8.8,0.61,4,0.094,69,0.99787,0.5,10,No
7.2,0.6,2.5,0.076,88,0.99745,0.55,9.5,No
9.2,0.56,1.6,0.078,21,0.99576,0.49,9.9,No
7.6,0.715,2.1,0.068,35,0.99533,0.65,11.4,No
8.4,0.31,3.1,0.194,26,0.99536,0.78,12,No
7.2,0.6,2.5,0.076,88,0.99745,0.55,9.5,No
8.8,0.61,4,0.094,69,0.99787,0.5,10,No
8.9,0.75,2.5,0.086,30,0.99824,0.64,10.5,No
9,0.8,2.4,0.083,28,0.99836,0.65,10.4,No
10.7,0.52,2.6,0.066,56,0.99577,0.79,12.1,Yes
6.8,0.57,2.5,0.072,64,0.99491,0.56,11.2,No
10.7,0.9,6.6,0.112,99,1.00289,0.68,9.3,No
7.2,0.34,2,0.071,52,0.99576,0.58,10.1,No
7.2,0.66,2.3,0.078,86,0.99743,0.57,9.7,No
10.1,0.45,1.9,0.082,18,0.99774,0.65,9.3,No
7.2,0.66,2.3,0.078,86,0.99743,0.57,9.7,No
7.2,0.63,2.2,0.08,88,0.99745,0.58,9.8,No
7.1,0.59,2.3,0.08,43,0.9955,0.58,10.7,No
8.3,0.31,2.4,0.078,43,0.99444,0.77,12.5,Yes
7.1,0.59,2.3,0.08,43,0.9955,0.58,10.7,No
8.3,0.31,2.4,0.078,43,0.99444,0.77,12.5,Yes
8.3,1.02,3.4,0.084,11,0.99892,0.49,11,No
8.9,0.31,2.6,0.056,39,0.99562,0.69,11.8,No
7.4,0.635,2.4,0.08,33,0.99736,0.69,10.8,Yes
7.4,0.635,2.4,0.08,33,0.99736,0.69,10.8,Yes
6.8,0.59,6,0.06,18,0.9962,0.59,10.8,Yes
6.8,0.59,6,0.06,18,0.9962,0.59,10.8,Yes
9.2,0.58,3,0.081,115,0.998,0.59,9.5,No
7.2,0.54,2.6,0.084,78,0.9964,0.71,11,No
6.1,0.56,2.2,0.079,9,0.9948,0.54,11.5,No
7.4,0.52,2.4,0.078,61,0.99528,0.59,10.8,No
7.3,0.305,1.2,0.059,11,0.99331,0.52,11.5,No
9.3,0.38,3.8,0.132,11,0.99577,0.57,13.2,No
9.1,0.28,9,0.114,9,0.99901,0.6,10.9,No
10,0.46,2.9,0.065,8,0.99674,0.62,12.2,No
9.4,0.395,4.6,0.094,10,0.99639,0.64,12.2,Yes
7.3,0.305,1.2,0.059,11,0.99331,0.52,11.5,No
8.6,0.315,2.2,0.079,6,0.99512,0.67,11.9,No
5.3,0.715,1.5,0.161,62,0.99395,0.61,11,No
6.8,0.41,8.8,0.084,45,0.99824,0.64,10.1,No
8.4,0.36,2.2,0.081,79,0.9964,0.72,11,No
8.4,0.62,1.8,0.072,46,0.99504,0.89,11.8,No
9.6,0.41,2.3,0.091,23,0.99786,0.56,10.5,No
8.4,0.36,2.2,0.081,79,0.9964,0.72,11,No
8.4,0.62,1.8,0.072,46,0.99504,0.89,11.8,No
6.8,0.41,8.8,0.084,45,0.99824,0.64,10.1,No
8.6,0.47,2.3,0.055,28,0.99516,0.8,11.2,No
8.6,0.22,1.9,0.064,77,0.99604,0.87,11,Yes
9.4,0.24,2.3,0.061,73,0.99786,0.9,10.2,No
8.4,0.67,2.2,0.093,75,0.99736,0.59,9.2,No
8.6,0.47,2.3,0.055,28,0.99516,0.8,11.2,No
8.7,0.33,3.3,0.063,19,0.99468,0.73,12,Yes
6.6,0.61,1.9,0.08,25,0.99746,0.73,10.5,No
7.4,0.61,2,0.074,38,0.99748,0.65,9.8,No
7.6,0.4,1.9,0.078,66,0.9971,0.59,9.5,No
7.4,0.61,2,0.074,38,0.99748,0.65,9.8,No
6.6,0.61,1.9,0.08,25,0.99746,0.73,10.5,No
8.8,0.3,2.3,0.06,72,0.99543,0.72,11.8,No
8.8,0.3,2.3,0.06,72,0.99543,0.72,11.8,No
12,0.63,1.4,0.071,26,0.99791,0.6,10.4,No
7.2,0.38,2.8,0.068,42,0.99356,0.72,12.9,Yes
6.2,0.46,1.6,0.073,11,0.99425,0.54,11.4,No
9.6,0.33,2.2,0.074,25,0.99509,0.76,12.4,Yes
9.9,0.27,5,0.082,17,0.99484,0.52,12.5,Yes
10.1,0.43,2.6,0.092,52,0.99834,0.64,10,Yes
9.8,0.5,2.3,0.094,45,0.99864,0.6,9.7,Yes
8.3,0.3,3.8,0.09,24,0.99498,0.64,12.1,Yes
10.2,0.44,2,0.071,20,0.99566,0.79,11.1,Yes
10.2,0.44,4.1,0.092,24,0.99745,0.99,12,Yes
8.3,0.28,2.1,0.093,12,0.99408,0.62,12.4,Yes
8.9,0.12,1.8,0.075,21,0.99552,0.76,11.9,Yes
8.9,0.12,1.8,0.075,21,0.99552,0.76,11.9,Yes
8.9,0.12,1.8,0.075,21,0.99552,0.76,11.9,Yes
8.3,0.28,2.1,0.093,12,0.99408,0.62,12.4,Yes
8.2,0.31,2.2,0.058,10,0.99536,0.68,11.2,Yes
10.2,0.34,2.1,0.052,9,0.99458,0.69,12.1,Yes
7.6,0.43,2.7,0.082,11,0.99538,0.54,12.2,No
8.5,0.21,1.9,0.09,23,0.99648,0.67,10.4,No
9,0.36,2.1,0.111,10,0.99568,0.62,11.3,No
9.5,0.37,2,0.088,51,0.99613,0.58,11.1,No
6.4,0.57,2.3,0.12,36,0.99519,0.71,11.3,Yes
8,0.59,2,0.089,32,0.99735,0.61,10,No
8.5,0.47,1.9,0.058,38,0.99518,0.85,11.1,No
7.1,0.56,1.6,0.078,18,0.99592,0.62,9.3,No
6.6,0.57,2.1,0.115,16,0.99654,0.69,9.5,No
8.8,0.27,2,0.1,27,0.99546,0.69,11.2,No
8.5,0.47,1.9,0.058,38,0.99518,0.85,11.1,No
8.3,0.34,2.4,0.065,48,0.99554,0.86,11,No
9,0.38,2.4,0.103,10,0.99604,0.58,11.9,Yes
8.5,0.66,2.1,0.097,113,0.99733,0.48,9.2,No
9,0.4,2.4,0.068,46,0.9943,0.6,12.2,No
6.7,0.56,2.9,0.079,22,0.99669,0.61,10.2,No
10.4,0.26,1.9,0.066,10,0.99724,0.87,10.9,No
10.4,0.26,1.9,0.066,10,0.99724,0.87,10.9,No
10.1,0.38,2.4,0.104,13,0.99643,0.65,11.6,Yes
8.5,0.34,1.7,0.079,12,0.99605,0.63,10.7,No
8.8,0.33,5.9,0.073,13,0.99658,0.62,12.1,Yes
7.2,0.41,2.1,0.083,72,0.997,0.52,9.4,No
7.2,0.41,2.1,0.083,72,0.997,0.52,9.4,No
8.4,0.59,2.6,0.109,119,0.99801,0.5,9.1,No
7,0.4,3.6,0.061,29,0.99416,0.49,11.3,Yes
12.2,0.45,1.4,0.075,6,0.9969,0.63,10.4,No
9.1,0.5,1.9,0.065,17,0.99774,0.71,10.5,No
9.5,0.86,1.9,0.079,28,0.99712,0.62,10,No
7.3,0.52,2.1,0.07,70,0.99418,0.82,12.9,No
9.1,0.5,1.9,0.065,17,0.99774,0.71,10.5,No
12.2,0.45,1.4,0.075,6,0.9969,0.63,10.4,No
7.4,0.58,2,0.064,11,0.99562,0.58,11.3,No
9.8,0.34,1.4,0.066,7,0.9947,0.55,11.4,Yes
7.1,0.36,1.6,0.08,70,0.99693,0.5,9.4,No
7.7,0.39,1.7,0.097,27,0.99596,0.49,9.4,No
9.7,0.295,1.5,0.073,21,0.99556,0.51,10.9,No
7.7,0.39,1.7,0.097,27,0.99596,0.49,9.4,No
7.1,0.34,2,0.082,68,0.99694,0.48,9.4,No
6.5,0.4,2,0.076,47,0.99554,0.48,9.4,No
7.1,0.34,2,0.082,68,0.99694,0.48,9.4,No
10,0.35,2.5,0.092,88,0.99918,0.43,9.4,No
7.7,0.6,2,0.079,41,0.99697,0.62,10.1,No
5.6,0.66,2.2,0.087,11,0.99378,0.63,12.8,Yes
5.6,0.66,2.2,0.087,11,0.99378,0.63,12.8,Yes
8.9,0.84,1.4,0.05,10,0.99554,0.48,9.1,No
6.4,0.69,1.65,0.055,12,0.99162,0.53,12.9,No
7.5,0.43,2.2,0.062,12,0.99495,0.72,11.5,Yes
9.9,0.35,1.5,0.058,47,0.99676,0.82,10.6,Yes
9.1,0.29,2.05,0.063,27,0.99516,0.84,11.7,Yes
6.8,0.36,1.8,0.067,8,0.9928,0.55,12.8,Yes
8.2,0.43,1.6,0.081,45,0.99603,0.54,10.3,No
6.8,0.36,1.8,0.067,8,0.9928,0.55,12.8,Yes
9.1,0.29,2.05,0.063,27,0.99516,0.84,11.7,Yes
9.1,0.3,2,0.064,25,0.99516,0.84,11.7,Yes
8.9,0.35,3.6,0.11,24,0.99549,0.7,12,Yes
9.6,0.5,2.8,0.116,55,0.99722,0.68,10.9,No
8.9,0.28,1.7,0.067,12,0.99354,0.55,12.3,Yes
8.9,0.32,2,0.088,19,0.9957,0.55,10.4,No
7.7,1.005,2.1,0.102,32,0.99604,0.48,10,No
7.5,0.71,1.6,0.092,31,0.99635,0.58,10,No
8,0.58,2,0.12,7,0.99454,0.58,11.2,No
10.5,0.39,2.2,0.075,27,0.99598,0.84,11.4,No
8.9,0.38,2.2,0.068,28,0.99486,0.75,12.6,Yes
8,0.18,0.9,0.049,109,0.99007,0.44,12.7,No
8,0.18,0.9,0.049,109,0.99007,0.44,12.7,No
7,0.5,1.8,0.078,23,0.99636,0.61,10.4,No
11.3,0.36,2.4,0.123,8,0.99642,0.53,11.9,No
11.3,0.36,2.4,0.123,8,0.99642,0.53,11.9,No
7,0.51,2.1,0.062,9,0.99584,0.54,10.5,No
8.2,0.32,2.3,0.098,9,0.99506,0.55,12.3,No
7.7,0.58,1.8,0.088,18,0.99568,0.56,10.5,Yes
8.6,0.83,2.8,0.095,43,0.99822,0.6,10.4,No
7.9,0.31,1.9,0.066,36,0.99364,0.56,12.6,No
6.4,0.795,2.2,0.065,52,0.99378,0.52,11.6,No
7.2,0.34,2.5,0.075,68,0.99586,0.54,10.1,No
7.7,0.58,1.8,0.088,18,0.99568,0.56,10.5,Yes
7.1,0.59,2.1,0.091,14,0.99488,0.55,11.5,Yes
7.3,0.55,1.8,0.093,15,0.99514,0.58,11,Yes
8.1,0.82,4.1,0.095,14,0.99854,0.53,9.6,No
7.5,0.57,2.6,0.089,27,0.99592,0.59,10.4,No
8.9,0.745,2.5,0.077,48,0.99739,0.47,9.7,No
10.1,0.37,2.4,0.085,17,0.99683,0.65,10.6,Yes
7.6,0.31,2.5,0.082,35,0.99356,0.59,12.5,Yes
7.3,0.91,1.8,0.074,56,0.99672,0.56,9.2,No
8.7,0.41,6.2,0.078,42,0.9953,0.77,12.6,Yes
8.9,0.5,2.2,0.088,39,0.99692,0.83,11.1,No
7.4,0.965,2.2,0.088,32,0.99756,0.67,10.2,No
6.9,0.49,1.7,0.079,26,0.99547,0.64,9.8,No
8.9,0.5,2.2,0.088,39,0.99692,0.83,11.1,No
9.5,0.39,8.9,0.069,39,0.99859,0.81,10.9,Yes
6.4,0.39,3.3,0.046,53,0.99294,0.62,12.2,No
6.9,0.44,1.4,0.07,38,0.99438,0.58,11.4,No
7.6,0.78,1.7,0.076,45,0.99612,0.62,10.7,No
7.1,0.43,1.8,0.082,51,0.99634,0.64,10.4,No
9.3,0.49,1.7,0.081,14,0.99702,0.78,10.9,No
9.3,0.5,1.8,0.084,17,0.99704,0.77,10.8,No
7.1,0.43,1.8,0.082,51,0.99634,0.64,10.4,No
8.5,0.46,1.4,0.414,45,0.99702,1.34,9.2,No
5.6,0.605,2.4,0.073,25,0.99258,0.55,12.9,No
8.3,0.33,2.3,0.07,20,0.99426,0.77,12.7,Yes
8.2,0.64,2,0.095,77,0.99747,0.62,9.1,No
8.2,0.64,2,0.095,77,0.99747,0.62,9.1,No
8.9,0.48,4,0.101,10,0.99586,0.59,12.1,Yes
7.6,0.42,3.9,0.104,90,0.99784,0.57,9.1,No
9.9,0.53,2.4,0.093,52,0.9971,0.76,11.6,Yes
8.9,0.48,4,0.101,10,0.99586,0.59,12.1,Yes
11.6,0.23,1.8,0.074,8,0.9981,0.7,9.9,No
9.1,0.4,1.8,0.071,16,0.99462,0.69,12.5,Yes
8,0.38,1.9,0.098,15,0.9956,0.64,11.4,No
10.2,0.29,2.4,0.075,17,0.99565,0.63,11.8,No
8.2,0.74,2,0.067,10,0.99418,0.57,11.8,No
7.7,0.61,2.4,0.083,20,0.9963,0.6,10.2,No
6.6,0.52,2.4,0.07,26,0.99358,0.72,12.5,Yes
11.1,0.31,2.2,0.06,10,0.99572,0.83,10.9,Yes
11.1,0.31,2.2,0.06,10,0.99572,0.83,10.9,Yes
8,0.62,2.8,0.086,52,0.997,0.62,10.8,No
9.3,0.33,1.5,0.057,37,0.99498,0.89,11.1,Yes
7.5,0.77,8.1,0.098,92,0.99892,0.58,9.2,No
7.2,0.35,1.8,0.083,75,0.9968,0.58,9.5,No
8,0.62,2.7,0.088,37,0.9972,0.58,10.7,No
7.5,0.77,8.1,0.098,92,0.99892,0.58,9.2,No
9.1,0.25,2,0.071,67,0.99769,0.86,10.2,Yes
9.9,0.32,2,0.073,8,0.99534,0.73,11.4,No
8.6,0.37,6.4,0.08,8,0.99817,0.58,11,No
8.6,0.37,6.4,0.08,8,0.99817,0.58,11,No
7.9,0.3,8.3,0.05,278,0.99316,0.51,12.3,Yes
10.3,0.27,1.4,0.047,8,0.99471,0.51,11.8,No
7.9,0.3,8.3,0.05,289,0.99316,0.51,12.3,Yes
7.2,0.38,1.8,0.073,70,0.99685,0.59,9.5,No
8.7,0.42,2.4,0.072,59,0.99617,0.77,12,No
7.2,0.38,1.8,0.073,70,0.99685,0.59,9.5,No
6.8,0.48,1.8,0.074,64,0.99529,0.49,9.6,No
8.5,0.34,4.7,0.055,9,0.99738,0.66,11.6,Yes
7.9,0.19,1.6,0.057,30,0.994,0.69,11.2,No
11.6,0.41,1.5,0.095,41,0.99735,0.76,9.9,Yes
11.6,0.41,1.5,0.095,41,0.99735,0.76,9.9,Yes
10,0.26,1.9,0.083,74,0.99451,0.63,11.8,Yes
7.9,0.34,2,0.086,19,0.99546,0.6,11.4,No
7,0.54,2,0.081,16,0.99479,0.59,11.5,No
9.2,0.31,2.2,0.079,31,0.99615,0.86,12,Yes
6.6,0.725,5.5,0.117,17,0.99655,0.49,10.8,No
9.4,0.4,2.5,0.087,20,0.99772,0.5,10.5,No
6.6,0.725,5.5,0.117,17,0.99655,0.49,10.8,No
8.6,0.52,1.5,0.096,18,0.99666,0.52,9.4,No
8,0.31,2.1,0.216,16,0.99358,0.81,12.5,Yes
8.6,0.52,1.5,0.096,18,0.99666,0.52,9.4,No
8.4,0.34,2.1,0.072,36,0.99392,0.78,12.4,No
7.4,0.49,2.1,0.071,25,0.99388,0.63,12,No
6.1,0.48,1.7,0.078,30,0.99402,0.54,11.2,No
7.4,0.49,2.1,0.071,25,0.99388,0.63,12,No
8,0.48,2.2,0.073,25,0.9936,0.66,12.4,No
6.3,0.57,2.1,0.048,49,0.99374,0.6,12.8,No
8.2,0.23,1.9,0.069,17,0.99376,0.54,12.3,No
9.1,0.3,2,0.068,24,0.99523,0.85,11.7,Yes
8.1,0.78,3.3,0.09,13,0.99855,0.49,9.5,No
10.8,0.47,2.1,0.171,66,0.9982,0.76,10.8,No
8.3,0.53,1.4,0.07,14,0.99593,0.64,10,No
5.4,0.42,2,0.092,55,0.99471,0.64,12.3,Yes
7.9,0.33,1.5,0.056,35,0.99396,0.71,11,No
8.9,0.24,1.6,0.074,10,0.99698,0.59,9.5,No
5,0.4,4.3,0.046,80,0.9902,0.66,13.6,No
7,0.69,2.5,0.091,21,0.99572,0.6,11.3,No
7,0.69,2.5,0.091,21,0.99572,0.6,11.3,No
7,0.69,2.5,0.091,21,0.99572,0.6,11.3,No
7.1,0.39,2.1,0.065,24,0.99252,0.53,13.3,No
5.6,0.66,2.5,0.066,15,0.99256,0.58,12.9,No
7.9,0.54,2.5,0.076,17,0.99235,0.72,13.1,Yes
6.6,0.5,1.8,0.062,28,0.99352,0.55,12.3,No
6.3,0.47,1.4,0.055,33,0.9922,0.48,12.3,No
10.7,0.4,1.9,0.081,29,0.99674,0.65,11.2,No
6.5,0.58,2.2,0.096,13,0.99557,0.62,11.5,No
8.8,0.24,1.7,0.055,27,0.99394,0.59,11.3,Yes
5.8,0.29,1.7,0.063,11,0.9915,0.54,13.5,No
6.3,0.76,2.9,0.072,52,0.99379,0.6,11.5,No
10,0.43,2.7,0.095,89,0.9984,0.68,10,No
10.5,0.43,3.3,0.092,70,0.99798,0.69,10.5,No
9.1,0.6,1.9,0.058,10,0.9977,0.63,10.4,No
5.9,0.19,1.7,0.045,135,0.99341,0.44,9.5,No
7.4,0.36,1.8,0.075,38,0.9933,0.88,13.6,Yes
7.2,0.48,5.5,0.089,18,0.99684,0.68,11.2,Yes
8.5,0.28,1.7,0.061,15,0.99524,0.74,11.8,Yes
8,0.25,1.7,0.067,50,0.9946,0.6,11.9,No
10.4,0.52,2,0.08,13,0.99774,0.76,11.4,No
10.4,0.52,2,0.08,13,0.99774,0.76,11.4,No
7.5,0.41,3.7,0.104,94,0.99786,0.58,9.1,No
8.2,0.51,2,0.079,86,0.99764,0.64,9.5,No
7.3,0.4,1.7,0.08,79,0.9969,0.65,9.5,No
8.2,0.38,2.5,0.08,71,0.99624,0.85,11,No
6.9,0.45,2.4,0.043,12,0.99354,0.65,11.4,No
7,0.22,1.8,0.065,20,0.99672,0.82,10,No
7.3,0.32,2.3,0.066,70,0.99588,0.62,10.1,No
8.2,0.2,2.5,0.076,51,0.99672,0.81,10.4,No
7.8,0.5,1.8,0.178,21,0.996,0.87,9.8,No
10,0.41,6.2,0.071,14,0.99702,0.49,11.8,Yes
7.8,0.39,2,0.086,21,0.99526,0.66,11.6,No
10,0.35,2,0.061,11,0.99585,0.52,12,No
8.2,0.33,2.8,0.067,12,0.99473,0.76,12.8,Yes
6.1,0.58,2.5,0.044,70,0.99352,0.65,12.5,No
8.3,0.6,2.2,0.118,38,0.99616,0.53,9.8,No
9.6,0.42,2.1,0.083,38,0.99622,0.66,11.1,No
6.6,0.58,2.2,0.1,63,0.99544,0.68,11.4,No
8.3,0.6,2.2,0.118,38,0.99616,0.53,9.8,No
8.5,0.18,1.75,0.071,88,0.99524,0.76,11.8,Yes
5.1,0.51,2.1,0.042,101,0.9924,0.87,12.9,Yes
6.7,0.41,2.8,0.076,54,0.99572,1.16,10.6,No
10.2,0.41,2.2,0.11,37,0.99728,0.67,10.8,No
10.6,0.36,2.3,0.087,20,0.99676,0.72,11.1,Yes
8.8,0.45,1.4,0.076,21,0.99551,0.75,10.2,No
8.5,0.32,2.3,0.075,19,0.99434,0.71,11.8,Yes
9,0.785,1.7,0.078,21,0.99692,0.67,10,No
9,0.785,1.7,0.078,21,0.99692,0.67,10,No
8.5,0.44,1.9,0.369,38,0.99634,1.1,9.4,No
9.9,0.54,2,0.111,60,0.99709,0.98,10.2,No
8.2,0.33,2.5,0.074,48,0.99528,0.88,12.4,Yes
6.5,0.34,2.8,0.067,44,0.99384,0.56,12,No
7.6,0.5,2.3,0.086,14,0.99502,0.62,11.5,No
9.2,0.36,1.6,0.062,12,0.99667,0.67,10.5,No
7.1,0.59,2.2,0.078,44,0.99522,0.68,10.8,No
9.7,0.42,2.1,0.074,16,0.99649,0.74,12.3,No
7.6,0.36,1.7,0.079,65,0.99716,0.62,9.5,No
7.6,0.36,1.7,0.079,65,0.99716,0.62,9.5,No
6.5,0.61,2.2,0.095,59,0.99541,0.7,11.5,No
6.5,0.88,5.6,0.079,47,0.99572,0.5,11.2,No
7.1,0.66,2.4,0.052,11,0.99318,0.66,12.7,Yes
5.6,0.915,2.1,0.041,78,0.99346,0.73,11.4,No
8.2,0.35,2.4,0.076,47,0.99599,0.81,11,No
8.2,0.35,2.4,0.076,47,0.99599,0.81,11,No
9.8,0.39,1.65,0.068,11,0.99478,0.46,11.4,No
10.2,0.4,2.5,0.068,54,0.99754,0.86,10.5,No
6.8,0.66,1.6,0.07,61,0.99572,0.6,9.3,No
6.7,0.64,2.1,0.08,119,0.99538,0.7,10.9,No
7,0.43,2,0.085,39,0.99346,0.46,11.9,No
6.6,0.8,7.8,0.079,12,0.9963,0.5,12.2,No
7,0.43,2,0.085,39,0.99346,0.46,11.9,No
6.7,0.64,2.1,0.08,119,0.99538,0.7,10.9,No
8.8,0.955,1.8,0.075,19,0.99616,0.44,9.6,No
9.1,0.4,4.6,0.08,20,0.99652,0.57,12.5,No
6.5,0.885,2.3,0.166,12,0.99551,0.51,10.8,No
7.2,0.25,2.5,0.063,41,0.99439,0.8,12.4,Yes
6.4,0.885,2.3,0.166,12,0.99551,0.51,10.8,No
7,0.745,1.8,0.114,64,0.99588,0.59,9.5,No
6.2,0.43,1.8,0.078,56,0.99633,0.6,9.5,No
7.9,0.58,2.3,0.076,94,0.99686,0.58,9.5,No
7.7,0.57,1.5,0.069,9,0.99458,0.54,9.8,No
7.7,0.26,2,0.052,77,0.9951,0.79,10.9,No
7.9,0.58,2.3,0.076,94,0.99686,0.58,9.5,No
7.7,0.57,1.5,0.069,9,0.99458,0.54,9.8,No
7.9,0.34,1.9,0.065,10,0.99419,0.54,11.2,Yes
8.6,0.42,1.8,0.068,12,0.99516,0.69,11.7,Yes
9.9,0.74,5.8,0.111,76,0.99878,0.55,9.4,No
7.2,0.36,2.1,0.074,44,0.99534,0.85,11,Yes
7.2,0.36,2.1,0.074,44,0.99534,0.85,11,Yes
7.2,0.36,2.1,0.074,44,0.99534,0.85,11,Yes
9.9,0.72,1.7,0.136,52,0.99752,0.94,10,No
7.2,0.36,2.1,0.074,44,0.99534,0.85,11,Yes
6.2,0.39,2,0.071,24,0.99428,0.87,11.2,Yes
6.8,0.65,2.1,0.078,15,0.99498,0.62,10.4,No
6.6,0.44,2.1,0.076,53,0.9957,0.62,9.3,No
6.8,0.65,2.1,0.078,15,0.99498,0.62,10.4,No
9.6,0.38,1.9,0.071,13,0.99659,0.75,10.5,No
10.2,0.33,1.9,0.081,9,0.99628,0.48,10.4,No
8.8,0.27,2.1,0.095,29,0.99488,0.56,11.3,No
7.9,0.57,2,0.079,79,0.99677,0.69,9.5,No
8.2,0.34,1.9,0.057,74,0.99408,0.81,12,No
8.2,0.4,1.9,0.082,24,0.996,0.69,10.6,No
9,0.39,1.3,0.044,50,0.99478,0.83,10.9,No
10.9,0.32,1.8,0.132,44,0.99734,0.77,11.5,No
10.9,0.32,1.8,0.132,44,0.99734,0.77,11.5,No
8.1,0.53,2.2,0.078,89,0.99678,0.46,9.6,No
10.5,0.36,2.2,0.074,23,0.99638,0.76,12,No
12.6,0.39,2.5,0.08,20,0.9992,0.82,10.3,No
9.2,0.46,2.6,0.091,77,0.99922,0.51,9.4,No
7.5,0.58,4.1,0.08,46,0.99592,0.47,9.2,No
9,0.58,2,0.104,21,0.99769,0.72,9.6,No
5.1,0.42,1.8,0.044,88,0.99157,0.73,13.6,Yes
7.6,0.43,2.1,0.075,66,0.99718,0.64,9.5,No
7.7,0.18,2.7,0.066,58,0.9947,0.78,11.8,No
7.8,0.815,2.6,0.074,90,0.99621,0.62,10.8,No
7.6,0.43,2.1,0.075,66,0.99718,0.64,9.5,No
10.2,0.23,2.2,0.057,36,0.99614,0.49,9.3,No
7.1,0.75,2.2,0.059,18,0.99242,0.4,12.8,No
6,0.33,12.9,0.054,113,0.99572,0.56,11.5,No
7.8,0.55,1.7,0.07,17,0.99659,0.64,9.4,No
7.1,0.75,2.2,0.059,18,0.99242,0.4,12.8,No
8.1,0.73,2.5,0.081,24,0.99798,0.46,9.6,No
6.5,0.67,4.3,0.057,20,0.99488,0.56,11.8,No
7.5,0.61,1.7,0.076,60,0.99494,0.4,9.3,No
9.8,0.37,2.5,0.079,65,0.99729,0.59,9.8,No
9,0.4,2,0.058,40,0.99414,0.6,12.2,No
8.3,0.56,2.4,0.082,86,0.9983,0.62,9.5,No
5.9,0.29,13.4,0.067,160,0.99721,0.54,10.3,No
7.4,0.55,1.8,0.082,34,0.99655,0.68,10.5,No
7.4,0.74,1.7,0.086,48,0.99502,0.48,10,No
7.4,0.55,1.8,0.082,34,0.99655,0.68,10.5,No
6.9,0.41,2.2,0.081,36,0.9949,0.75,11.1,No
7.1,0.6,2.3,0.079,37,0.99514,0.61,10.9,No
7.1,0.6,2.3,0.079,37,0.99514,0.61,10.9,No
7.5,0.58,2.2,0.077,60,0.9963,0.59,9.8,No
7.1,0.72,1.8,0.123,14,0.99627,0.58,9.8,No
7.9,0.66,1.4,0.096,13,0.99569,0.58,9.5,No
7.8,0.7,1.9,0.079,35,0.99628,0.69,10.9,No
6.1,0.64,2.4,0.069,46,0.99358,0.45,11,No
7.5,0.59,1.8,0.082,60,0.99499,0.42,9.2,No
7,0.58,4.8,0.085,69,0.99633,0.7,11,No
6.8,0.64,2.7,0.123,33,0.99538,0.63,11.3,No
6.8,0.64,2.7,0.123,33,0.99538,0.63,11.3,No
8.6,0.635,1.8,0.403,56,0.99632,1.15,9.3,No
6.3,1.02,2,0.083,24,0.99437,0.55,11.2,No
9.8,0.45,2.5,0.081,66,0.99726,0.58,9.8,No
8.2,0.78,2.2,0.089,26,0.9978,0.46,9.6,No
8.5,0.37,1.8,0.066,51,0.99456,0.72,11.8,No
7.2,0.57,2.3,0.081,36,0.99564,0.6,10.3,No
7.2,0.57,2.3,0.081,36,0.99564,0.6,10.3,No
10.4,0.43,2.3,0.068,19,0.996,0.87,11.4,No
6.9,0.41,2,0.079,51,0.99668,0.55,9.5,No
5.5,0.49,1.8,0.044,87,0.9908,0.82,14,Yes
5,0.38,1.6,0.048,60,0.99084,0.75,14,No
7.3,0.44,1.6,0.049,64,0.9935,0.57,11.7,No
5.9,0.46,1.9,0.077,44,0.99385,0.53,11.2,No
7.5,0.58,2,0.073,44,0.99494,0.43,9.3,No
7.8,0.58,2.1,0.102,36,0.9944,0.53,11.2,No
8,0.715,2.3,0.075,81,0.99688,0.54,9.5,No
8.5,0.4,6.3,0.05,10,0.99566,0.56,12,No
7,0.69,1.9,0.114,10,0.99636,0.6,9.7,No
8,0.715,2.3,0.075,81,0.99688,0.54,9.5,No
9.8,0.3,1.7,0.062,9,0.9948,0.57,11.5,Yes
7.1,0.46,1.9,0.077,54,0.9956,0.64,10.4,No
7.1,0.46,1.9,0.077,54,0.9956,0.64,10.4,No
7.9,0.765,2,0.084,22,0.99619,0.68,10.9,No
8.7,0.63,2.7,0.096,69,0.99734,0.63,10.2,No
7,0.42,2.3,0.071,36,0.99476,0.56,10.9,No
11.3,0.37,1.8,0.09,47,0.99734,0.57,10.5,No
7.1,0.16,2.5,0.068,31,0.99328,0.54,12.4,No
8,0.6,2.6,0.056,7,0.99286,0.37,13,No
7,0.6,4.5,0.068,110,0.99914,1.17,10.2,No
7,0.6,4.5,0.068,110,0.99914,1.17,10.2,No
7.6,0.74,1.9,0.1,12,0.99521,0.59,11,No
8.2,0.635,2.1,0.073,60,0.99638,0.75,10.9,No
5.9,0.395,2.4,0.056,28,0.99362,0.67,12.4,No
7.5,0.755,1.9,0.084,12,0.99672,0.49,9.7,No
8.2,0.635,2.1,0.073,60,0.99638,0.75,10.9,No
6.6,0.63,4.3,0.093,77.5,0.99558,0.45,9.5,No
6.6,0.63,4.3,0.093,77.5,0.99558,0.45,9.5,No
7.2,0.53,2.1,0.064,29,0.99323,0.61,12.1,No
5.7,0.6,1.4,0.063,18,0.99191,0.56,12.2,No
7.6,1.58,2.1,0.137,9,0.99476,0.4,10.9,No
5.2,0.645,2.15,0.08,28,0.99444,0.61,12.5,No
6.7,0.86,2,0.1,57,0.99598,0.74,11.7,No
9.1,0.37,2.1,0.064,15,0.99576,0.8,11.2,No
8,0.28,1.8,0.081,68,0.99501,0.66,11.2,No
7.6,0.79,2.3,0.087,68,0.9955,0.44,9.2,No
7.5,0.61,1.9,0.073,88,0.99612,0.53,9.8,No
9.7,0.69,2.5,0.088,91,0.9979,0.62,10.1,No
6.8,0.68,3.9,0.068,29,0.99524,0.52,11.1,No
9.7,0.69,2.5,0.088,91,0.9979,0.62,10.1,No
7,0.62,1.4,0.071,63,0.996,0.61,9.2,No
7.5,0.61,1.9,0.073,88,0.99612,0.53,9.8,No
6.5,0.51,3,0.064,27,0.9929,0.59,12.8,No
8,1.18,1.9,0.083,41,0.99532,0.47,10.5,No
7,0.36,2.3,0.086,65,0.99558,0.54,10.1,No
7,0.36,2.4,0.086,69,0.99556,0.53,10.1,No
7.5,0.63,2,0.083,91,0.99616,0.58,9.8,No
5.4,0.74,1.2,0.041,46,0.99258,0.59,12.5,No
9.9,0.44,2.2,0.091,41,0.99638,0.69,11.9,No
7.5,0.63,2,0.083,91,0.99616,0.58,9.8,No
9.1,0.76,1.7,0.414,64,0.99652,1.33,9.1,No
9.7,0.66,2.6,0.094,88,0.99796,0.66,10.1,No
5,0.74,1.2,0.041,46,0.99258,0.59,12.5,No
9.1,0.34,1.8,0.058,18,0.99392,0.55,11.4,No
9.1,0.36,1.8,0.06,55,0.99495,0.82,11,Yes
6.7,0.46,1.7,0.077,34,0.9948,0.6,10.6,No
6.7,0.46,1.7,0.077,34,0.9948,0.6,10.6,No
6.7,0.46,1.7,0.077,34,0.9948,0.6,10.6,No
6.7,0.46,1.7,0.077,34,0.9948,0.6,10.6,No
6.5,0.52,1.8,0.073,38,0.9955,0.52,9.3,No
7.4,0.6,2.1,0.083,91,0.99616,0.56,9.8,No
7.4,0.6,2.1,0.083,91,0.99616,0.56,9.8,No
7.8,0.87,3.8,0.107,67,0.99668,0.46,9.2,No
8.4,0.39,1.7,0.075,25,0.99581,0.43,9.7,No
9.1,0.775,2.2,0.079,48,0.9976,0.51,9.6,No
7.2,0.835,2,0.166,11,0.99608,0.52,10,No
6.6,0.58,2.4,0.069,40,0.99387,0.66,12.6,No
6,0.5,1.4,0.057,26,0.99448,0.45,9.5,No
6,0.5,1.4,0.057,26,0.99448,0.45,9.5,No
6,0.5,1.4,0.057,26,0.99448,0.45,9.5,No
7.5,0.51,1.7,0.084,31,0.99538,0.54,10.5,No
7.5,0.51,1.7,0.084,31,0.99538,0.54,10.5,No
7.5,0.51,1.7,0.084,31,0.99538,0.54,10.5,No
7.6,0.54,1.7,0.085,31,0.99589,0.51,10.4,No
7.5,0.51,1.7,0.084,31,0.99538,0.54,10.5,No
11.5,0.42,2.6,0.077,20,0.99852,0.53,11,No
8.2,0.44,2.3,0.063,28,0.99613,0.53,10.2,No
6.1,0.59,2.1,0.056,13,0.99472,0.56,11.4,No
7.2,0.655,1.8,0.078,12,0.99587,0.39,9.5,No
7.2,0.655,1.8,0.078,12,0.99587,0.39,9.5,No
6.9,0.57,2.8,0.081,41,0.99518,0.52,10.8,No
9,0.6,2,0.069,73,0.99654,0.57,10,No
7.2,0.62,2.3,0.065,46,0.99332,0.51,11.8,No
7.6,0.645,1.9,0.086,57,0.9969,0.46,10.3,No
7.6,0.645,1.9,0.086,57,0.9969,0.46,10.3,No
7.2,0.58,2.3,0.077,28,0.99568,0.52,10,No
6.1,0.32,1.8,0.086,32,0.99464,0.44,10.1,No
6.1,0.34,1.8,0.084,28,0.99464,0.44,10.1,No
7.3,0.43,2.5,0.078,67,0.99648,0.59,11.1,No
7.4,0.64,5.4,0.168,98,0.99736,0.5,9.5,No
11.6,0.475,1.4,0.091,28,0.99704,0.65,10.0333333333333,No
9.2,0.54,2.3,0.112,38,0.99699,0.56,10.9,No
8.3,0.85,2.5,0.093,54,0.99724,0.54,10.1,No
11.6,0.475,1.4,0.091,28,0.99704,0.65,10.0333333333333,No
8,0.83,2,0.08,63,0.99652,0.48,9.8,No
7.2,0.605,1.9,0.096,31,0.995,0.53,11.8,No
7.8,0.5,2.2,0.115,42,0.9971,0.62,9.5,No
7.3,0.74,1.7,0.094,45,0.99576,0.5,9.8,No
6.9,0.54,2.2,0.088,105,0.99725,1.18,10.5,No
8,0.77,2.1,0.079,74,0.99656,0.5,9.8,No
6.6,0.61,1.6,0.069,8,0.99396,0.37,10.4,No
8.7,0.78,1.7,0.415,66,0.99623,1.17,9.2,No
7.5,0.58,3.1,0.153,14,0.99476,1.03,11.6,No
8.7,0.78,1.7,0.415,66,0.99623,1.17,9.2,No
7.7,0.75,3.8,0.11,89,0.99664,0.45,9.3,No
6.8,0.815,1.2,0.267,29,0.99471,0.51,9.8,No
7.2,0.56,2,0.083,100,0.99586,0.52,9.9,No
8.2,0.885,1.4,0.086,31,0.9946,0.46,10,No
5.2,0.49,2.3,0.09,74,0.9953,0.62,12.2,No
7.2,0.45,2,0.078,28,0.99609,0.51,9.9,No
7.5,0.57,2.6,0.077,35,0.99557,0.62,10.8,No
7.5,0.57,2.6,0.077,35,0.99557,0.62,10.8,No
6.8,0.83,1.8,0.074,25,0.99534,0.45,9.6,No
8,0.6,2.1,0.08,105,0.99613,0.49,9.9,No
8,0.6,2.1,0.08,105,0.99613,0.49,9.9,No
7.1,0.755,1.8,0.107,84,0.99593,0.5,9.5,No
8,0.81,3.4,0.076,85,0.99668,0.42,9.2,No
7.4,0.64,1.8,0.1,23,0.9961,0.58,9.6,No
7.4,0.64,1.8,0.1,23,0.9961,0.58,9.6,No
6.6,0.64,6.1,0.083,49,0.99718,0.68,10.3,No
6.7,0.48,2.2,0.08,111,0.99524,0.53,9.7,No
6,0.49,2.3,0.068,33,0.99292,0.59,12.5,No
8,0.64,2.4,0.094,33,0.99612,0.58,11,No
7.1,0.62,1.3,0.07,12,0.9942,0.48,9.8,No
8,0.52,2,0.078,59,0.99612,0.48,10.2,No
6.4,0.57,3.9,0.07,73,0.99669,0.48,9.2,No
8.6,0.685,1.6,0.092,12,0.99745,0.65,9.55,No
8.7,0.675,1.6,0.09,11,0.99745,0.65,9.55,No
7.3,0.59,2,0.08,104,0.99584,0.52,9.9,No
7,0.6,2.2,0.083,28,0.9966,0.62,10.2,Yes
7.2,0.67,2.2,0.068,24,0.9956,0.72,11.1,No
7.9,0.69,2.1,0.08,141,0.9962,0.51,9.9,No
7.9,0.69,2.1,0.08,141,0.9962,0.51,9.9,No
7.6,0.3,2,0.052,24,0.9963,0.82,11.9,No
7.2,0.33,1.7,0.061,13,0.996,1.1,10,Yes
8,0.5,2.6,0.082,46,0.9985,0.62,10.7,No
7.7,0.28,2,0.062,34,0.9952,0.9,11.3,Yes
8.2,0.24,5.1,0.062,22,0.9974,0.94,10.9,No
6,0.51,2.1,0.064,54,0.995,0.93,10.7,No
8.1,0.29,2.2,0.048,53,0.995,1.01,12.4,Yes
6,0.51,2.1,0.064,54,0.995,0.93,10.7,No
6.6,0.96,1.8,0.082,16,0.9936,0.44,11.9,No
6.4,0.47,2.4,0.071,19,0.9963,0.73,10.6,No
8.2,0.24,5.1,0.062,22,0.9974,0.94,10.9,No
9.9,0.57,2,0.104,89,0.9963,0.9,10.1,No
10,0.32,2.2,0.077,15,0.9994,0.78,9.6,No
6.2,0.58,1.6,0.065,18,0.9966,0.84,9.4,No
10,0.32,2.2,0.077,15,0.9994,0.78,9.6,No
7.3,0.34,2.5,0.064,37,0.9952,0.77,12.1,Yes
7.8,0.53,1.6,0.077,19,0.995,0.46,9.8,No
7.7,0.64,2.2,0.077,133,0.9956,0.45,9.9,No
7.8,0.53,1.6,0.077,19,0.995,0.46,9.8,No
7.5,0.4,1.6,0.079,58,0.9965,0.58,9.4,No
7,0.54,2.1,0.079,55,0.9956,0.84,11.4,No
6.4,0.53,3.9,0.123,31,0.9968,0.67,11,No
8.3,0.26,1.4,0.076,23,0.9974,0.7,9.6,No
8.3,0.26,1.4,0.076,23,0.9974,0.7,9.6,No
7.7,0.23,1.8,0.046,60,0.9971,0.71,12.1,No
7.6,0.41,2.5,0.078,23,0.9957,0.58,11.2,No
7.8,0.64,1.9,0.072,55,0.9962,0.63,11,No
7.9,0.18,2.2,0.049,67,0.996,0.93,11.3,No
7.4,0.41,1.8,0.066,47,0.9956,0.62,10.4,No
7.6,0.43,2.1,0.069,74,0.9958,0.54,9.9,No
5.9,0.44,1.6,0.042,11,0.9944,0.85,11.7,No
6.1,0.4,1.8,0.069,25,0.9955,0.74,10.1,Yes
10.2,0.54,15.4,0.214,95,1.00369,0.77,9,No
10.2,0.54,15.4,0.214,95,1.00369,0.77,9,No
10,0.38,1.6,0.169,90,0.99914,0.65,8.5,No
6.8,0.915,4.8,0.07,39,0.99577,0.54,11.1,No
7,0.59,1.7,0.052,8,0.996,0.47,10.3,No
7.3,0.67,2.2,0.072,92,0.99566,0.68,11.0666666666667,No
7.2,0.37,2,0.062,28,0.9947,0.73,11.3,Yes
7.4,0.785,5.2,0.094,98,0.99713,0.52,9.56666666666667,No
6.9,0.63,1.9,0.078,30,0.99712,0.75,9.8,No
6.9,0.58,1.75,0.058,22,0.99322,0.49,11.7,No
7.3,0.67,2.2,0.072,92,0.99566,0.68,11.1,No
7.4,0.785,5.2,0.094,98,0.99713,0.52,9.6,No
6.9,0.63,1.9,0.078,30,0.99712,0.75,9.8,No
6.8,0.67,1.9,0.08,39,0.99701,0.74,9.7,No
6.9,0.58,1.9,0.08,54,0.99683,0.73,9.7,No
7.2,0.38,2,0.056,29,0.99472,0.76,11.3,Yes
7.2,0.37,2,0.062,28,0.9947,0.73,11.3,Yes
7.8,0.32,2.7,0.104,17,0.99732,0.78,11,Yes
6.6,0.58,2,0.062,53,0.99374,0.76,11.6,Yes
7.6,0.49,1.9,0.074,85,0.99706,0.58,9,No
11.7,0.45,2.2,0.073,23,0.99974,0.69,10.9,No
6.5,0.9,1.6,0.052,17,0.99467,0.63,10.9,No
6,0.54,1.8,0.05,89,0.99236,0.5,10.55,No
7.6,0.49,1.9,0.074,85,0.99706,0.58,9,No
8.4,0.29,1.7,0.067,20,0.99603,0.6,10.5,No
7.9,0.2,1.7,0.054,15,0.99458,0.8,11.9,Yes
6.4,0.42,2.3,0.054,64,0.99724,0.68,10.4,No
6.2,0.785,2.1,0.06,13,0.99664,0.61,10,No
6.8,0.64,2.3,0.075,31,0.99545,0.58,10.4,No
6.9,0.63,2.4,0.076,39,0.99522,0.53,10.8,No
6.8,0.59,1.7,0.063,53,0.9958,0.67,9.7,No
6.8,0.59,1.7,0.063,53,0.9958,0.67,9.7,No
7.3,0.48,2.1,0.062,54,0.99728,0.65,10,Yes
6.7,1.04,2.3,0.067,32,0.99648,0.57,11,No
7.3,0.48,2.1,0.062,54,0.99728,0.65,10,Yes
7.3,0.98,2.1,0.061,49,0.99705,0.55,9.7,No
10,0.69,1.4,0.084,24,0.99578,0.47,9.7,No
6.7,0.7,3.75,0.067,16,0.99334,0.52,12.6,No
7.6,0.35,2.6,0.073,44,0.99656,0.79,11.1,No
6.1,0.6,1.8,0.071,45,0.99336,0.54,11,No
9.9,0.5,13.8,0.205,82,1.00242,0.75,8.8,No
5.3,0.47,2.2,0.048,89,0.99182,0.88,13.5666666666667,Yes
9.9,0.5,13.8,0.205,82,1.00242,0.75,8.8,No
5.3,0.47,2.2,0.048,89,0.99182,0.88,13.6,Yes
7.1,0.875,5.7,0.082,14,0.99808,0.52,10.2,No
8.2,0.28,3,0.104,22,0.99828,0.68,10.6,No
5.6,0.62,1.5,0.08,13,0.99498,0.62,10.1,No
8.2,0.28,3,0.104,22,0.99828,0.68,10.6,No
7.2,0.58,2.1,0.114,9,0.99719,0.57,10.3,No
8.1,0.33,1.5,0.042,12,0.99542,0.61,10.7,No
6.8,0.91,2,0.06,11,0.99592,0.64,10.9,No
7,0.655,2.1,0.074,25,0.99606,0.55,9.7,No
6.8,0.68,2.1,0.07,23,0.99546,0.6,10.3,No
6,0.64,1.9,0.066,17,0.99496,0.78,10.6,No
5.6,0.54,1.7,0.049,13,0.9942,0.58,11.4,No
6.2,0.57,2.1,0.048,11,0.99448,0.76,10.8,No
7.1,0.22,1.8,0.039,18,0.99344,0.56,12.4,No
5.6,0.54,1.7,0.049,13,0.9942,0.58,11.4,No
6.2,0.65,1.6,0.05,18,0.99348,0.54,11.95,No
7.7,0.54,1.9,0.089,147,0.99636,0.59,9.7,No
6.4,0.31,1.4,0.066,28,0.99459,0.7,10,Yes
7,0.43,1.9,0.08,28,0.99492,0.81,10.6,No
7.7,0.54,1.9,0.089,147,0.99636,0.59,9.7,No
6.9,0.74,2.3,0.054,16,0.99508,0.63,11.5,No
6.6,0.895,2.3,0.068,13,0.99582,0.58,10.8,No
6.9,0.74,2.3,0.054,16,0.99508,0.63,11.5,No
7.5,0.725,1.5,0.076,15,0.99508,0.53,9.6,No
7.8,0.82,4.3,0.083,64,0.99642,0.53,9.4,No
7.3,0.585,2.4,0.078,60,0.99638,0.54,9.8,No
6.2,0.44,2.5,0.077,14,0.99555,0.69,11,No
7.5,0.38,2.3,0.106,12,0.99605,0.55,11.4,No
6.7,0.76,1.8,0.078,12,0.996,0.63,9.95,No
6.8,0.81,2,0.07,14,0.99562,0.66,10.8,No
7.5,0.38,2.3,0.106,12,0.99605,0.55,11.4,No
7.1,0.27,2.1,0.074,25,0.99814,0.72,10.6,No
7.9,0.18,1.8,0.062,20,0.9941,0.7,11.1,No
6.4,0.36,2.2,0.047,48,0.99661,0.77,9.7,No
7.1,0.69,2.1,0.068,27,0.99712,0.67,9.8,No
6.4,0.79,2.2,0.061,17,0.99588,0.65,10.4,No
6.4,0.56,1.8,0.078,65,0.99294,0.6,10.5,No
6.9,0.84,4.1,0.074,65,0.99842,0.72,9.23333333333333,No
6.9,0.84,4.1,0.074,65,0.99842,0.72,9.25,No
6.1,0.32,2.3,0.071,58,0.99633,0.97,10.6,No
6.5,0.53,2,0.063,44,0.99489,0.83,10.3,No
7.4,0.47,2.2,0.114,20,0.99647,0.63,10.5,No
6.6,0.7,2.6,0.106,27,0.99665,0.58,10.2,No
6.5,0.53,2,0.063,44,0.99489,0.83,10.3,No
6.9,0.48,1.9,0.082,23,0.99585,0.43,9.05,No
6.1,0.32,2.3,0.071,58,0.99633,0.97,10.6,No
6.8,0.48,2,0.076,61,0.9953,0.6,10.4,No
6,0.42,2,0.075,47,0.99522,0.78,10,No
6.7,0.48,2.1,0.064,34,0.99552,0.64,9.7,No
6.8,0.47,2.2,0.064,38,0.99553,0.65,9.6,No
7.1,0.53,1.7,0.071,24,0.9951,0.66,10.8,No
7.9,0.29,2.2,0.096,59,0.99714,0.67,10.1,No
7.1,0.69,2.1,0.063,52,0.99608,0.6,10.2,No
6.6,0.44,2.2,0.063,18,0.99444,0.69,11.3,No
6.1,0.705,2.8,0.081,28,0.99631,0.66,10.2,No
7.2,0.53,2,0.058,22,0.99573,0.68,9.9,No
8,0.39,1.9,0.074,84,0.99717,0.61,9,No
6.6,0.56,2.4,0.064,29,0.99397,0.62,11.7,Yes
7,0.55,2.2,0.075,35,0.9959,0.59,9.7,No
6.1,0.53,1.9,0.077,45,0.99528,0.68,10.3,No
5.4,0.58,1.9,0.059,31,0.99484,0.64,10.2,No
6.2,0.64,2.5,0.081,26,0.99538,0.63,12,No
7.2,0.39,1.8,0.065,60,0.99714,0.78,9.9,No
6.2,0.52,4.4,0.071,32,0.99646,0.63,11.6,No
7.4,0.25,2.2,0.054,49,0.99666,0.76,10.9,Yes
6.7,0.855,1.9,0.064,38,0.99472,0.56,10.75,No
11.1,0.44,2.2,0.064,19,0.99758,0.57,10.4,No
8.4,0.37,2.3,0.063,19,0.9955,0.81,11.2,Yes
6.5,0.63,1.8,0.059,28,0.99531,0.64,10.1,No
7,0.57,2,0.072,26,0.99575,0.61,10.2,No
6.3,0.6,1.6,0.048,26,0.99306,0.51,12.1,No
11.2,0.4,2,0.099,50,0.99783,0.58,10.4,No
7.4,0.36,1.8,0.074,24,0.99419,0.7,11.4,Yes
7.1,0.68,2.3,0.087,26,0.99783,0.53,9.5,No
7.1,0.67,2.3,0.083,27,0.99768,0.54,9.4,No
6.3,0.68,3.7,0.103,54,0.99586,0.66,11.3,No
7.3,0.735,2.2,0.08,28,0.99765,0.6,9.4,No
6.6,0.855,2.4,0.062,23,0.99627,0.6,11,No
7,0.56,1.7,0.065,24,0.99514,0.68,10.55,Yes
6.6,0.88,2.2,0.066,20,0.99636,0.56,9.9,No
6.6,0.855,2.4,0.062,23,0.99627,0.6,11,No
6.9,0.63,6.7,0.235,115,0.99787,0.56,9.5,No
7.8,0.6,2,0.08,131,0.99622,0.52,9.9,No
7.8,0.6,2,0.08,131,0.99622,0.52,9.9,No
7.8,0.6,2,0.08,131,0.99622,0.52,9.9,No
7.2,0.695,2,0.076,20,0.99546,0.54,10.1,No
7.2,0.695,2,0.076,20,0.99546,0.54,10.1,No
7.2,0.695,2,0.076,20,0.99546,0.54,10.1,No
6.7,0.67,1.9,0.061,42,0.99489,0.82,10.9,No
6.7,0.16,2.1,0.059,52,0.99494,0.71,11.2,No
7.2,0.695,2,0.076,20,0.99546,0.54,10.1,No
7,0.56,1.6,0.077,42,0.99629,0.59,9.2,No
6.2,0.51,1.9,0.056,34,0.99396,0.57,11.5,No
6.4,0.36,2.2,0.23,35,0.9934,0.93,12.4,No
6.4,0.38,2.2,0.038,25,0.99514,0.65,11.1,No
7.3,0.69,2.2,0.069,104,0.99632,0.51,9.5,No
6,0.58,2.4,0.075,50,0.99467,0.67,12.5,No
5.6,0.31,13.9,0.074,92,0.99677,0.48,10.5,No
7.5,0.52,2.2,0.06,20,0.99474,0.64,11.8,No
8,0.3,1.6,0.081,29,0.99588,0.78,10.8,No
6.2,0.7,5.1,0.076,27,0.99622,0.6,11.9,No
6.8,0.67,1.8,0.118,20,0.9954,0.67,11.3,No
6.2,0.56,1.7,0.053,32,0.99402,0.6,11.3,No
7.4,0.35,2.4,0.068,26,0.9947,0.6,11.9,No
6.2,0.56,1.7,0.053,32,0.99402,0.6,11.3,No
6.1,0.715,2.6,0.053,27,0.99362,0.5,11.9,No
6.2,0.46,2.1,0.074,98,0.99578,0.62,9.8,No
6.7,0.32,2.4,0.061,34,0.99484,0.8,11.6,Yes
7.2,0.39,2.6,0.066,48,0.99494,0.84,11.5,No
7.5,0.31,2.4,0.065,60,0.99492,0.85,11.4,No
5.8,0.61,1.8,0.066,28,0.99483,0.66,10.9,No
7.2,0.66,2.5,0.068,102,0.99414,0.78,12.8,No
6.6,0.725,7.8,0.073,79,0.9977,0.54,9.2,No
6.3,0.55,1.8,0.077,35,0.99314,0.82,11.6,No
5.4,0.74,1.7,0.089,26,0.99402,0.56,11.6,No
6.3,0.51,2.3,0.076,40,0.99574,0.75,11,No
6.8,0.62,1.9,0.068,38,0.99651,0.82,9.5,No
6.2,0.6,2,0.09,44,0.9949,0.58,10.5,No
5.9,0.55,2.2,0.062,51,0.99512,0.76,11.2,No
6.3,0.51,2.3,0.076,40,0.99574,0.75,11,No
5.9,0.645,2,0.075,44,0.99547,0.71,10.2,No
6,0.31,3.6,0.067,42,0.99549,0.66,11,No
